SkillID,SkillPickID,SkillPickName,SkillDamageNumChange,IncreasingSkillDamageRange,ReduceSkillCT,IncreasedProjectile,IncreaseNumAttack,PeneTratingPower
3001,1,파이어볼\n데미지 증가\n데미지 +60%,1.6,,,,,
3001,2,파이어볼\n쿨타임 감소\n데미지 +25%\n쿨타임 -20%,1.25,,0.2,,,
3001,3,파이어볼\n투사체 증가\n데미지 -20%\n투사체 +1,0.8,,,1,,
3001,4,파이어볼\n공격 횟수 증가\n데미지 -30%\n공격 횟수 +1,0.7,,,,1,
3001,5,파이어볼\n관통력 증가\n데미지 +25%\n 관통력 +1,1.25,,,,,1
300101,1,파이어볼+1\n데미지 증가\n데미지 +60%,1.6,,,,,
300101,2,파이어볼+1\n쿨타임 감소\n데미지 +25%\n쿨타임 -30%,1.25,,0.2,,,
300101,3,파이어볼+1\n투사체 증가\n데미지 -10%\n투사체 +1,0.8,,,1,,
300101,4,파이어볼+1\n공격 횟수 증가\n 데미지 -20%\n공격 횟수 +1,0.7,,,,1,
300101,5,파이어볼+1\n관통력 증가\n데미지 +25%\n 관통력 +1,1.25,,,,,1
300102,1,파이어볼+2\n데미지 증가\n데미지 +60%,1.6,,,,,
300102,2,파이어볼+2\n쿨타임 감소\n데미지 +25%\n쿨타임 -20%,1.25,,0.2,,,
300102,3,파이어볼+2\n투사체 증가\n데미지 -20%\n투사체 +1,0.8,,,1,,
300102,4,파이어볼+2\n공격 횟수 증가\n데미지 -30%\n공격 횟수 +1,0.7,,,,1,
300102,5,파이어볼+2\n관통력 증가\n데미지 +25%\n관통력 +1,1.25,,,,,1
300103,1,파이어볼+3\n데미지 증가\n데미지 +60%,1.6,,,,,
300103,2,파이어볼+3\n쿨타임 감소\n데미지 +25%\n쿨타임 -20%,1.25,,0.2,,,
300103,3,파이어볼+3\n투사체 증가\n데미지 -20%\n투사체 +1,0.8,,,1,,
300103,4,파이어볼+3\n공격 횟수 증가\n데미지 -30%\n공격 횟수 +1,0.7,,,,1,
300103,5,파이어볼+3\n관통력 증가\n데미지 +25%\n관통력 +1,1.25,,,,,1
300104,1,파이어볼+4\n데미지 증가\n데미지 +60%,1.6,,,,,
300104,2,파이어볼+4\n쿨타임 감소\n데미지 +25%\n쿨타임 -20%,1.25,,0.2,,,
300104,3,파이어볼+4\n투사체 증가\n데미지 -20%\n투사체 +1,0.8,,,1,,
300104,4,파이어볼+4\n공격 횟수 증가\n 데미지 -30%\n공격 횟수 +1,0.7,,,,1,
300104,5,파이어볼+4\n관통력 증가\n 데미지 +25%\n 관통력 +1,1.25,,,,,1
300105,1,파이어볼+5\n데미지 증가\n데미지 +60%,1.6,,,,,
300105,2,파이어볼+5\n쿨타임 감소\n데미지 +25%\n쿨타임 -20%,1.25,,0.2,,,
300105,3,파이어볼+5\n투사체 증가\n데미지 -20%\n투사체 +1,0.8,,,1,,
300105,4,파이어볼+5\n공격 횟수 증가\n데미지 -30%\n공격 횟수 +1,0.7,,,,1,
300105,5,파이어볼+5\n관통력 증가\n데미지 +25%\n관통력 +1,1.25,,,,,1
300106,1,파이어볼+6\n데미지 증가\n데미지 +60%,1.6,,,,,
300106,2,파이어볼+6\n쿨타임 감소\n데미지 +25%\n쿨타임 -20%,1.25,,0.2,,,
300106,3,파이어볼+6\n투사체 증가\n데미지 -20%\n투사체 +1,0.8,,,1,,
300106,4,파이어볼+6\n공격 횟수 증가\n데미지 -30%\n공격 횟수 +1,0.7,,,,1,
300106,5,파이어볼+6\n관통력 증가\n데미지 +25%\n관통력 +1,1.25,,,,,1
300107,1,파이어볼+7\n데미지 증가\n데미지 +60%,1.6,,,,,
300107,2,파이어볼+7\n쿨타임 감소\n데미지 +25%\n쿨타임 -20%,1.25,,0.2,,,
300107,3,파이어볼+7\n투사체 증가\n데미지 -20%\n투사체 +1,0.8,,,1,,
300107,4,파이어볼+7\n공격 횟수 증가\n데미지 -30%\n공격 횟수 +1,0.7,,,,1,
300107,5,파이어볼+7\n관통력 증가\n데미지 +25%\n관통력 +1,1.25,,,,,1
300108,1,파이어볼+8\n데미지 증가\n데미지 +60%,1.6,,,,,
300108,2,파이어볼+8\n쿨타임 감소\n데미지 +25%\n쿨타임 -20%,1.25,,0.2,,,
300108,3,파이어볼+8\n투사체 증가\n데미지 -20%\n투사체 +1,0.8,,,1,,
300108,4,파이어볼+8\n공격 횟수 증가\n데미지 -30%\n공격 횟수 +1,0.7,,,,1,
300108,5,파이어볼+8\n관통력 증가\n데미지 +25%\n관통력 +1,1.25,,,,,1
300109,1,파이어볼+9\n데미지 증가\n데미지 +60%,1.6,,,,,
300109,2,파이어볼+9\n쿨타임 감소\n데미지 +25%\n쿨타임 -20%,1.25,,0.2,,,
300109,3,파이어볼+9\n투사체 증가\n데미지 -20%\n투사체 +1,0.8,,,1,,
300109,4,파이어볼+9\n공격 횟수 증가\n데미지 -30%\n공격 횟수 +1,0.7,,,,1,
300109,5,파이어볼+9\n관통력 증가\n데미지 증가 +25%\n관통력 +1,1.25,,,,,1
300110,1,파이어볼+10\n데미지 증가\n데미지 +60%,1.6,,,,,
300110,2,파이어볼+10\n쿨타임 감소\n데미지 +25%\n쿨타임 -20%,1.25,,0.2,,,
300110,3,파이어볼+10\n투사체 증가\n데미지 -20%\n투사체 +1,0.8,,,1,,
300110,4,파이어볼+10\n공격 횟수 증가\n데미지 -30%\n공격 횟수 +1,0.7,,,,1,
300110,5,파이어볼+10\n관통력 증가\n데미지 +25%\n관통력 +1,1.25,,,,,1
300111,1,파이어볼+11\n데미지 증가\n데미지 +60%,1.6,,,,,
300111,2,파이어볼+11\n쿨타임 감소\n데미지 +25%\n쿨타임 -20%,1.25,,0.2,,,
300111,3,파이어볼+11\n투사체 증가\n데미지 -10%\n투사체 +1,0.8,,,1,,
300111,4,파이어볼+11\n공격 횟수 증가\n데미지 -30%\n공격 횟수 +1,0.7,,,,1,
300111,5,파이어볼+11\n관통력 증가\n데미지 +25%\n관통력 +1,1.25,,,,,1
300112,1,파이어볼+12\n데미지 증가\n데미지 +60%,1.6,,,,,
300112,2,파이어볼+12\n쿨타임 감소\n데미지 +25%\n쿨타임 -20%,1.25,,0.2,,,
300112,3,파이어볼+12\n투사체 증가\n데미지 -20%\n투사체 +1,0.8,,,1,,
300112,4,파이어볼+12\n공격 횟수 증가\n데미지 -30%\n공격 횟수 +1,0.7,,,,1,
300112,5,파이어볼+12\n관통력 증가\n데미지 +25%\n관통력 +1,1.25,,,,,1
300113,1,파이어볼+13\n데미지 증가\n데미지 +60%,1.6,,,,,
300113,2,파이어볼+13\n쿨타임 감소\n데미지 +25%\n쿨타임 -20%,1.25,,0.2,,,
300113,3,파이어볼+13\n투사체 증가\n데미지 -20%\n투사체 +1,0.8,,,1,,
300113,4,파이어볼+13\n공격 횟수 증가\n데미지 -30%\n공격 횟수 +1,0.7,,,,1,
300113,5,파이어볼+13\n관통력 증가\n데미지 +25%\n관통력 +1,1.25,,,,,1
300114,1,파이어볼+14\n데미지 증가\n데미지 +60%,1.6,,,,,
300114,2,파이어볼+14\n쿨타임 감소\n데미지 +25%\n쿨타임 -20%,1.25,,0.2,,,
300114,3,파이어볼+14\n투사체 증가\n데미지 -20%\n투사체 +1,0.8,,,1,,
300114,4,파이어볼+14\n공격 횟수 증가\n데미지 -30%\n공격 횟수 +1,0.7,,,,1,
300114,5,파이어볼+14\n관통력 증가\n데미지 +25%\n관통력 +1,1.25,,,,,1
300115,1,파이어볼+15\n데미지 증가\n데미지 +60%,1.6,,,,,
300115,2,파이어볼+15\n쿨타임 감소\n데미지 +25%\n쿨타임 -20%,1.25,,0.2,,,
300115,3,파이어볼+15\n투사체 증가\n데미지 -20%\n투사체 +1,0.8,,,1,,
300115,4,파이어볼+15\n공격 횟수 증가\n데미지 -30%\n공격 횟수 +1,0.7,,,,1,
300115,5,파이어볼+15\n관통력 증가\n데미지 +25%\n관통력 +1,1.25,,,,,1
300116,1,파이어볼+16\n데미지 증가\n데미지 +60%,1.6,,,,,
300116,2,파이어볼+16\n쿨타임 감소\n데미지 +25%\n쿨타임 -20%,1.25,,0.2,,,
300116,3,파이어볼+16\n투사체 증가\n데미지 -20%\n투사체 +1,0.8,,,1,,
300116,4,파이어볼+16\n공격 횟수 증가\n데미지 -30%\n공격 횟수 +1,0.7,,,,1,
300116,5,파이어볼+16\n관통력 증가\n데미지 +25%\n관통력 +1,1.25,,,,,1
300117,1,파이어볼+17\n데미지 증가\n데미지 +60%,1.6,,,,,
300117,2,파이어볼+17\n쿨타임 감소\n데미지 +25%\n쿨타임 -20%,1.25,,0.2,,,
300117,3,파이어볼+17\n투사체 증가\n데미지 -20%\n투사체 +1,0.8,,,1,,
300117,4,파이어볼+17\n공격 횟수 증가\n데미지 -30%\n공격 횟수 +1,0.7,,,,1,
300117,5,파이어볼+17\n관통력 증가\n데미지 +25%\n관통력 +1,1.25,,,,,1
300118,1,파이어볼+18\n데미지 증가\n데미지 +60%,1.6,,,,,
300118,2,파이어볼+18\n쿨타임 감소\n데미지 +25%\n쿨타임 -20%,1.25,,0.2,,,
300118,3,파이어볼+18\n투사체 증가\n데미지 -20%\n투사체 +1,0.8,,,1,,
300118,4,파이어볼+18\n공격 횟수 증가\n데미지 -30%\n공격 횟수 +1,0.7,,,,1,
300118,5,파이어볼+18\n관통력 증가\n데미지 +25%\n관통력 +1,1.25,,,,,1
300119,1,파이어볼+19\n데미지 증가\n데미지 +60%,1.6,,,,,
300119,2,파이어볼+19\n쿨타임 감소\n데미지 +25%\n쿨타임 -20%,1.25,,0.2,,,
300119,3,파이어볼+19\n투사체 증가\n데미지 -20%\n투사체 +1,0.8,,,1,,
300119,4,파이어볼+19\n공격 횟수 증가\n데미지 -30%\n공격 횟수 +1,0.7,,,,1,
300119,5,파이어볼+19\n관통력 증가\n데미지 +25%\n관통력 +1,1.25,,,,,1
300120,1,파이어볼+20\n데미지 증가\n데미지 +60%,1.6,,,,,
300120,2,파이어볼+20\n쿨타임 감소\n데미지 +25%\n쿨타임 -20%,1.25,,0.2,,,
300120,3,파이어볼+20\n투사체 증가\n데미지 -20%\n투사체 +1,0.8,,,1,,
300120,4,파이어볼+20\n공격 횟수 증가\n데미지 -30%\n공격 횟수 +1,0.7,,,,1,
300120,5,파이어볼+20\n관통력 증가\n데미지 +25%\n관통력 +1,1.25,,,,,1
3002,1,검기\n데미지 증가\n데미지 +60%,1.6,,,,,
3002,2,검기\n쿨타임 감소\n데미지 +25%\n쿨타임 -20%,1.25,,0.2,,,
3002,3,검기\n공격 횟수 증가\n데미지 -30%\n쿨타임 -20%,0.7,,,,1,
3002,4,검기\n관통력 증가\n데미지 +25%\n관통력 +1,1.25,,,,,1
3002,5,검기\n투사체 증가\n데미지 -20%\n투사체 +1,0.8,,,1,,
300201,1,검기+1\n데미지 증가\n데미지 +60%,1.6,,,,,
300201,2,검기+1\n쿨타임 감소\n데미지 +25%\n쿨타임 -20%,1.25,,0.2,,,
300201,3,검기+1\n공격 횟수 증가\n데미지 -30%\n공격 횟수 +1,0.7,,,,1,
300201,4,검기+1\n관통력 증가\n데미지 +25%\n관통력 +1,1.25,,,,,1
300201,5,검기+1\n투사체 증가\n데미지 -20%\n투사체 +1,0.8,,,1,,
300202,1,검기+2\n데미지 증가\n데미지 +60%,1.6,,,,,
300202,2,검기+2\n쿨타임 감소\n데미지 +25%\n쿨타임 -20%,1.25,,0.2,,,
300202,3,검기+2\n공격 횟수 증가\n데미지 -30%\n공격 횟수 +1,0.7,,,,1,
300202,4,검기+2\n관통력 증가\n데미지 +25%\n관통력 +1,1.25,,,,,1
300202,5,검기+2\n투사체 증가\n데미지 -20%\n투사체 +1,0.8,,,1,,
300203,1,검기+3\n데미지 증가\n데미지 +60%,1.6,,,,,
300203,2,검기+3\n쿨타임 감소\n데미지 +25%\n쿨타임 -20%,1.25,,0.2,,,
300203,3,검기+3\n공격 횟수 증가\n데미지 -30%\n공격 횟수 +1,0.7,,,,1,
300203,4,검기+3\n관통력 증가\n데미지 +25%\n관통력 +1,1.25,,,,,1
300203,5,검기+3\n투사체 증가\n데미지 -20%\n투사체 +1,0.8,,,1,,
300204,1,검기+4\n데미지 증가\n데미지 +60%,1.6,,,,,
300204,2,검기+4\n쿨타임 감소\n데미지 +25%\n쿨타임 -20%,1.25,,0.2,,,
300204,3,검기+4\n공격 횟수 증가\n데미지 -30%\n공격 횟수 +1,0.7,,,,1,
300204,4,검기+4\n관통력 증가\n데미지 +25%\n관통력 +1,1.25,,,,,1
300204,5,검기+4\n투사체 증가\n데미지 -20%\n투사체 +1,0.8,,,1,,
300205,1,검기+5\n데미지 증가\n데미지 +60%,1.6,,,,,
300205,2,검기+5\n쿨타임 감소\n데미지 +25%\n쿨타임 -20%,1.25,,0.2,,,
300205,3,검기+5\n공격 횟수 증가\n데미지 -30%\n공격 횟수 +1,0.7,,,,1,
300205,4,검기+5\n관통력 증가\n데미지 +25%\n관통력 +1,1.25,,,,,1
300205,5,검기+5\n투사체 증가\n데미지 -20%\n투사체 +1,0.8,,,1,,
300206,1,검기+6\n데미지 증가\n데미지 60%,1.6,,,,,
300206,2,검기+6\n쿨타임 감소\n데미지 60%,1.25,,0.2,,,
300206,3,검기+6\n공격 횟수 증가\n데미지 -30%\n공격 횟수 +1,0.7,,,,1,
300206,4,검기+6\n관통력 증가\n데미지 +25%\n관통력 +1,1.25,,,,,1
300206,5,검기+6\n투사체 증가\n데미지 -20%\n투사체 +1,0.8,,,1,,
300207,1,검기+7\n데미지 증가\n데미지 +60%,1.6,,,,,
300207,2,검기+7\n쿨타임 감소\n데미지 +25%\n쿨타임 -20%,1.25,,0.2,,,
300207,3,검기+7\n공격 횟수 증가\n데미지 -30%\n공격 횟수 +1,0.7,,,,1,
300207,4,검기+7\n관통력 증가\n데미지 +25%\n관통력 +1,1.25,,,,,1
300207,5,검기+7\n투사체 증가\n데미지 -20%\n투사체 +1,0.8,,,1,,
300208,1,검기+8\n데미지 증가\n데미지 +60%,1.6,,,,,
300208,2,검기+8\n쿨타임 감소\n데미지 +25%\n쿨타임 -20%,1.25,,0.2,,,
300208,3,검기+8\n공격 횟수 증가\n데미지 -30%\n공격 횟수 +1,0.7,,,,1,
300208,4,검기+8\n관통력 증가\n데미지 +25%\n관통력 +1,1.25,,,,,1
300208,5,검기+8\n투사체 증가\n데미지 -20%\n투사체 +1,0.8,,,1,,
300209,1,검기+9\n데미지 증가\n데미지 +60%,1.6,,,,,
300209,2,검기+9\n쿨타임 감소\n데미지 +25%\n쿨타임 -20%,1.25,,0.2,,,
300209,3,검기+9\n공격 횟수 증가\n데미지 -30%\n공격 횟수 +1,0.7,,,,1,
300209,4,검기+9\n관통력 증가\n데미지 +25%\n관통력 +1,1.25,,,,,1
300209,5,검기+9\n투사체 증가\n데미지 -20%\n투사체 +1,0.8,,,1,,
300210,1,검기+10\n데미지 증가\n데미지 +60%,1.6,,,,,
300210,2,검기+10\n쿨타임 감소\n데미지 +25%\n쿨타임 -20%,1.25,,0.2,,,
300210,3,검기+10\n공격 횟수 증가\n데미지 -30%\n공격 횟수 +1,0.7,,,,1,
300210,4,검기+10\n관통력 증가\n데미지 +25%\n관통력 +1,1.25,,,,,1
300210,5,검기+10\n투사체 증가\n데미지 -20%\n투사체 +1,0.8,,,1,,
300211,1,검기+11\n데미지 증가\n데미지 +60%,1.6,,,,,
300211,2,검기+11\n쿨타임 감소\n데미지 +25%\n쿨타임 -20%,1.25,,0.2,,,
300211,3,검기+11\n공격 횟수 증가\n데미지 -30%\n공격 횟수 +1,0.7,,,,1,
300211,4,검기+11\n관통력 증가\n데미지 +25%\n관통력 +1,1.25,,,,,1
300211,5,검기+11\n투사체 증가\n데미지 -20%\n투사체 +1,0.8,,,1,,
300212,1,검기+12\n데미지 증가\n데미지 +60%,1.6,,,,,
300212,2,검기+12\n쿨타임 감소\n데미지 +25%\n쿨타임 -20%,1.25,,0.2,,,
300212,3,검기+12\n공격 횟수 증가\n데미지 -30%\n공격 횟수 +1,0.7,,,,1,
300212,4,검기+12\n관통력 증가\n데미지 +25%\n관통력 +1,1.25,,,,,1
300212,5,검기+12\n투사체 증가\n데미지 -20%\n투사체 +1,0.8,,,1,,
300213,1,검기+13\n데미지 증가\n데미지 +60%,1.6,,,,,
300213,2,검기+13\n쿨타임 감소\n데미지 +25%\n쿨타임 -20%,1.25,,0.2,,,
300213,3,검기+13\n공격 횟수 증가\n데미지 -30%\n 공격 횟수 +1,0.7,,,,1,
300213,4,검기+13\n관통력 증가\n데미지 +25%\n관통력 +1,1.25,,,,,1
300213,5,검기+13\n투사체 증가\n데미지 -20%\n투사체 +1,0.8,,,1,,
300214,1,검기+14\n데미지 증가\n데미지 +60%,1.6,,,,,
300214,2,검기+14\n쿨타임 감소\n데미지 +25%\n쿨타임 -20%,1.25,,0.2,,,
300214,3,검기+14\n공격 횟수 증가\n데미지 -30%\n공격 횟수 +1,0.7,,,,1,
300214,4,검기+14\n관통력 증가\n데미지 +25%\n관통력 +1,1.25,,,,,1
300214,5,검기+14\n투사체 증가\n데미지 -20%\n투사체 +1,0.8,,,1,,
300215,1,검기+15\n데미지 증가\n데미지 +60%,1.6,,,,,
300215,2,검기+15\n쿨타임 감소\n데미지 +25%\n쿨타임 -20%,1.25,,0.2,,,
300215,3,검기+15\n공격 횟수 증가\n데미지 -30%\n공격 횟수 +1,0.7,,,,1,
300215,4,검기+15\n관통력 증가\n데미지 +25%\n관통력 +1,1.25,,,,,1
300215,5,검기+15\n투사체 증가\n데미지 -20%\n투사체 +1,0.8,,,1,,
300216,1,검기+16\n데미지 증가\n데미지 +60%,1.6,,,,,
300216,2,검기+16\n쿨타임 감소\n데미지 +25%\n쿨타임 -20%,1.25,,0.2,,,
300216,3,검기+16\n공격 횟수 증가\n데미지 -30%\n공격 횟수 +1,0.7,,,,1,
300216,4,검기+16\n관통력 증가\n데미지 +25%\n관통력 +1,1.25,,,,,1
300216,5,검기+16\n투사체 증가\n데미지 -20%\n투사체 +1,0.8,,,1,,
300217,1,검기+17\n데미지 증가\n데미지 +60%,1.6,,,,,
300217,2,검기+17\n쿨타임 감소\n데미지 +25%\n쿨타임 -20%,1.25,,0.2,,,
300217,3,검기+17\n공격 횟수 증가\n데미지 -30%\n공격 횟수 +1,0.7,,,,1,
300217,4,검기+17\n관통력 증가\n데미지 +25%\n관통력 +1,1.25,,,,,1
300217,5,검기+17\n투사체 증가\n데미지 -20%\n투사체 +1,0.8,,,1,,
300218,1,검기+18\n데미지 증가\n데미지 +60%,1.6,,,,,
300218,2,검기+18\n쿨타임 감소\n데미지 +25%\n쿨타임 -20%,1.25,,0.2,,,
300218,3,검기+18\n공격 횟수 증가\n데미지 -30%\n공격 횟수 +1,0.7,,,,1,
300218,4,검기+18\n관통력 증가\n데미지 +25%\n관통력 +1,1.25,,,,,1
300218,5,검기+18\n투사체 증가\n데미지 -20%\n투사체 +1,0.8,,,1,,
300219,1,검기+19\n데미지 증가\n데미지 +60%,1.6,,,,,
300219,2,검기+19\n쿨타임 감소\n데미지 +25%\n쿨타임 -20%,1.25,,0.2,,,
300219,3,검기+19\n공격 횟수 증가\n데미지 -30%\n공격 횟수 +1,0.7,,,,1,
300219,4,검기+19\n관통력 증가\n데미지 +25%\n관통력 +1,1.25,,,,,1
300219,5,검기+19\n투사체 증가\n데미지 -20%\n투사체 +1,0.8,,,1,,
300220,1,검기+20\n데미지 증가\n데미지 +60%,1.6,,,,,
300220,2,검기+20\n쿨타임 감소\n데미지 +25%\n쿨타임 -20%,1.25,,0.2,,,
300220,3,검기+20\n공격 횟수 증가\n데미지 -30%\n공격 횟수 +1,0.7,,,,1,
300220,4,검기+20\n관통력 증가\n데미지 +25%\n관통력 +1,1.25,,,,,1
300220,5,검기+20\n투사체 증가\n데미지 -20%\n투사체 +1,0.8,,,1,,
3003,1,벼락\n데미지 증가\n데미지 +60%,1.6,,,,,
3003,2,벼락\n쿨타임 감소\n데미지 +25%\n쿨타임 -20%,1.25,,0.2,,,
3003,3,벼락\n공격 횟수 증가\n데미지 -30%\n공격 횟수 +1,0.7,,,,1,
3003,4,벼락\n스킬 피해 범위 증가\n데미지 +20%\n피해 범위 +10%,1.2,0.1,,,,
3003,5,벼락\n투사체증가\n데미지 -20%\n투사체 +1,0.8,,,1,,
300301,1,벼락+1\n데미지 증가\n데미지 +60%,1.6,,,,,
300301,2,벼락+1\n쿨타임 감소\n데미지 +25%\n쿨타임 -20%,1.25,,0.2,,,
300301,3,벼락+1\n공격 횟수 증가\n데미지 -30%\n공격 횟수 +1,0.7,,,,1,
300301,4,벼락+1\n스킬 피해 범위 증가\n데미지 +20%\n피해 범위 +10%,1.2,0.1,,,,
300301,5,벼락+1\n투사체증가\n데미지 -20%\n투사체 +1,0.8,,,1,,
300302,1,벼락+2\n데미지 증가\n데미지 +60%,1.6,,,,,
300302,2,벼락+2\n쿨타임 감소\n데미지 +25%\n쿨타임 -20%,1.25,,0.2,,,
300302,3,벼락+2\n공격 횟수 증가\n데미지 -30%\n공격 횟수 +1,0.7,,,,1,
300302,4,벼락+2\n스킬 피해 범위 증가\n데미지 +20%\n피해 범위 +10%,1.2,0.1,,,,
300302,5,벼락+2\n투사체증가\n데미지 -20%\n투사체 +1,0.8,,,1,,
300303,1,벼락+3\n데미지 증가\n데미지 +60%,1.6,,,,,
300303,2,벼락+3\n쿨타임 감소\n데미지 +25%\n쿨타임 -20%,1.25,,0.2,,,
300303,3,벼락+3\n공격 횟수 증가\n데미지 -30%\n공격 횟수 +1,0.7,,,,1,
300303,4,벼락+3\n스킬 피해 범위 증가\n데미지 +20%\n피해 범위 +10%,1.2,0.1,,,,
300303,5,벼락+3\n투사체증가\n데미지 -20%\n투사체 +1,0.8,,,1,,
300304,1,벼락+4\n데미지 증가\n데미지 +60%,1.6,,,,,
300304,2,벼락+4\n쿨타임 감소\n데미지 +25%\n쿨타임 -20%,1.25,,0.2,,,
300304,3,벼락+4\n공격 횟수 증가\n데미지 -30%\n공격 횟수 +1,0.7,,,,1,
300304,4,벼락+4\n스킬 피해 범위 증가\n데미지 +20%\n피해 범위 +10%,1.2,0.1,,,,
300304,5,벼락+4\n투사체증가\n데미지 -20%\n투사체 +1,0.8,,,1,,
300305,1,벼락+5\n데미지 증가\n데미지 +60%,1.6,,,,,
300305,2,벼락+5\n쿨타임 감소\n데미지 +25%\n쿨타임 -20%,1.25,,0.2,,,
300305,3,벼락+5\n공격 횟수 증가\n데미지 -30%\n공격 횟수 +1,0.7,,,,1,
300305,4,벼락+5\n스킬 피해 범위 증가\n데미지 +20%\n피해 범위 +10%,1.2,0.1,,,,
300305,5,벼락+5\n투사체증가\n데미지 -20%\n투사체 +1,0.8,,,1,,
300306,1,벼락+6\n데미지 증가\n데미지 +60%,1.6,,,,,
300306,2,벼락+6\n쿨타임 감소\n데미지 +25%\n쿨타임 -20%,1.25,,0.2,,,
300306,3,벼락+6\n공격 횟수 증가\n데미지 -30%\n공격 횟수 +1,0.7,,,,1,
300306,4,벼락+6\n스킬 피해 범위 증가\n데미지 +20%\n피해 범위 +10%,1.2,0.1,,,,
300306,5,벼락+6\n투사체증가\n데미지 -20%\n투사체 +1,0.8,,,1,,
300307,1,벼락+7\n데미지 증가\n데미지 +60%,1.6,,,,,
300307,2,벼락+7\n쿨타임 감소\n데미지 +25%\n쿨타임 -20%,1.25,,0.2,,,
300307,3,벼락+7\n공격 횟수 증가\n데미지 -30%\n공격 횟수 +1,0.7,,,,1,
300307,4,벼락+7\n스킬 피해 범위 증가\n데미지 +20%\n피해 범위 +10%,1.2,0.1,,,,
300307,5,벼락+7\n투사체증가\n데미지 -20%\n투사체 +1,0.8,,,1,,
300308,1,벼락+8\n데미지 증가\n데미지 +60%,1.6,,,,,
300308,2,벼락+8\n쿨타임 감소\n데미지 +25%\n쿨타임 -20%,1.25,,0.2,,,
300308,3,벼락+8\n공격 횟수 증가\n데미지 -30%\n공격 횟수 +1,0.7,,,,1,
300308,4,벼락+8\n스킬 피해 범위 증가\n데미지 +20%\n피해 범위 +10%,1.2,0.1,,,,
300308,5,벼락+8\n투사체증가\n데미지 -20%\n투사체 +1,0.8,,,1,,
300309,1,벼락+9\n데미지 증가\n데미지 +60%,1.6,,,,,
300309,2,벼락+9\n쿨타임 감소\n데미지 +25%\n쿨타임 -20%,1.25,,0.2,,,
300309,3,벼락+9\n공격 횟수 증가\n데미지 -30%\n공격 횟수 +1,0.7,,,,1,
300309,4,벼락+9\n스킬 피해 범위 증가\n데미지 +20%\n피해 범위 +10%,1.2,0.1,,,,
300309,5,벼락+9\n투사체증가\n데미지 -20%\n투사체 +1,0.8,,,1,,
300310,1,벼락+10\n데미지 증가\n데미지 +60%,1.6,,,,,
300310,2,벼락+10\n쿨타임 감소\n데미지 +25%\n쿨타임 -20%,1.25,,0.2,,,
300310,3,벼락+10\n공격 횟수 증가\n데미지 -30%\n공격 횟수 +1,0.7,,,,1,
300310,4,벼락+10\n스킬 피해 범위 증가\n데미지 +20%\n피해 범위 +10%,1.2,0.1,,,,
300310,5,벼락+10\n투사체증가\n데미지 -20%\n투사체 +1,0.8,,,1,,
300311,1,벼락+11\n데미지 증가\n데미지 +60%,1.6,,,,,
300311,2,벼락+11\n쿨타임 감소\n데미지 +25%\n쿨타임 -20%,1.25,,0.2,,,
300311,3,벼락+11\n공격 횟수 증가\n데미지 -30%\n공격 횟수 +1,0.7,,,,1,
300311,4,벼락+11\n스킬 피해 범위 증가\n데미지 +20%\n피해 범위 +10%,1.2,0.1,,,,
300311,5,벼락+11\n투사체증가\n데미지 -20%\n투사체 +1,0.8,,,1,,
300312,1,벼락+12\n데미지 증가\n데미지 +60%,1.6,,,,,
300312,2,벼락+12\n쿨타임 감소\n데미지 +25%\n쿨타임 -20%,1.25,,0.2,,,
300312,3,벼락+12\n공격 횟수 증가\n데미지 -30%\n공격 횟수 +1,0.7,,,,1,
300312,4,벼락+12\n스킬 피해 범위 증가\n데미지 +20%\n피해 범위 +10%,1.2,0.1,,,,
300312,5,벼락+12\n투사체증가\n데미지 -20%\n투사체 +1,0.8,,,1,,
300313,1,벼락+13\n데미지 증가\n데미지 +60%,1.6,,,,,
300313,2,벼락+13\n쿨타임 감소\n데미지 +25%\n쿨타임 -20%,1.25,,0.2,,,
300313,3,벼락+13\n공격 횟수 증가\n데미지 -30%\n공격 횟수 +1,0.7,,,,1,
300313,4,벼락+13\n스킬 피해 범위 증가\n데미지 +20%\n피해 범위 +10%,1.20,0.1,,,,
300313,5,벼락+13\n투사체증가\n데미지 -20%\n투사체 +1,0.8,,,1,,
300314,1,벼락+14\n데미지 증가\n데미지 +60%,1.6,,,,,
300314,2,벼락+14\n쿨타임 감소\n데미지 +25%\n쿨타임 -20%,1.25,,0.2,,,
300314,3,벼락+14\n공격 횟수 증가\n데미지 -30%\n공격 횟수 +1,0.7,,,,1,
300314,4,벼락+14\n스킬 피해 범위 증가\n데미지 +20%\n피해 범위 +10%,1.2,0.1,,,,
300314,5,벼락+14\n투사체증가\n데미지 -20%\n투사체 +1,0.8,,,1,,
300315,1,벼락+15\n데미지 증가\n데미지 +60%,1.6,,,,,
300315,2,벼락+15\n쿨타임 감소\n데미지 +25%\n쿨타임 -20%,1.25,,0.2,,,
300315,3,벼락+15\n공격 횟수 증가\n데미지 -30%\n공격 횟수 +1,0.7,,,,1,
300315,4,벼락+15\n스킬 피해 범위 증가\n데미지 +20%\n피해 범위 +10%,1.2,0.1,,,,
300315,5,벼락+15\n투사체증가\n데미지 -20%\n투사체 +1,0.8,,,1,,
300316,1,벼락+16\n데미지 증가\n데미지 +60%,1.6,,,,,
300316,2,벼락+16\n쿨타임 감소\n데미지 +25%\n쿨타임 -20%,1.25,,0.2,,,
300316,3,벼락+16\n공격 횟수 증가\n데미지 -30%\n공격 횟수 +1,0.7,,,,1,
300316,4,벼락+16\n스킬 피해 범위 증가\n데미지 +20%\n피해 범위 +10%,1.2,0.1,,,,
300316,5,벼락+16\n투사체증가\n데미지 -20%\n투사체 +1,0.8,,,1,,
300317,1,벼락+17\n데미지 증가\n데미지 +60%,1.6,,,,,
300317,2,벼락+17\n쿨타임 감소\n데미지 +25%\n쿨타임 -20%,1.25,,0.2,,,
300317,3,벼락+17\n공격 횟수 증가\n데미지 -30%\n공격 횟수 +1,0.7,,,,1,
300317,4,벼락+17\n스킬 피해 범위 증가\n데미지 +20%\n피해 범위 +10%,1.2,0.1,,,,
300317,5,벼락+17\n투사체증가\n데미지 -20%\n투사체 +1,0.8,,,1,,
300318,1,벼락+18\n데미지 증가\n데미지 +60%,1.6,,,,,
300318,2,벼락+18\n쿨타임 감소\n데미지 +25%\n쿨타임 -20%,1.25,,0.2,,,
300318,3,벼락+18\n공격 횟수 증가\n데미지 -30%\n공격 횟수 +1,0.7,,,,1,
300318,4,벼락+18\n스킬 피해 범위 증가\n데미지 +20%\n피해 범위 +10%,1.2,0.1,,,,
300318,5,벼락+18\n투사체증가\n데미지 -20%\n투사체 +1,0.8,,,1,,
300319,1,벼락+19\n데미지 증가\n데미지 +60%,1.6,,,,,
300319,2,벼락+19\n쿨타임 감소\n데미지 +25%\n쿨타임 -20%,1.25,,0.2,,,
300319,3,벼락+19\n공격 횟수 증가\n데미지 -30%\n공격 횟수 +1,0.7,,,,1,
300319,4,벼락+19\n스킬 피해 범위 증가\n데미지 +20%\n피해 범위 +10%,1.2,0.1,,,,
300319,5,벼락+19\n투사체증가\n데미지 -20%\n투사체 +1,0.8,,,1,,
300320,1,벼락+20\n데미지 증가\n데미지 +60%,1.6,,,,,
300320,2,벼락+20\n쿨타임 감소\n데미지 +25%\n쿨타임 -20%,1.25,,0.2,,,
300320,3,벼락+20\n공격 횟수 증가\n데미지 -30%\n공격 횟수 +1,0.7,,,,1,
300320,4,벼락+20\n스킬 피해 범위 증가\n데미지 +20%\n피해 범위 +10%,1.2,0.1,,,,
300320,5,벼락+20\n투사체증가\n데미지 -20%\n투사체 +1,0.8,,,1,,
3004,1,얼음 운석\n데미지 증가\n데미지 +60%,1.6,,,,,
3004,2,얼음 운석\n쿨타임 감소\n데미지 +25%\n쿨타임 -20%,1.25,,0.2,,,
3004,3,얼음 운석\n투사체 증가\n데미지 -20%\n투사체 +1,0.8,,,1,,
3004,4,얼음 운석\n공격 횟수 증가\n데미지 -30%\n공격 횟수 +1,0.7,,,,1,
3004,5,얼음 운석\n관통력 증가\n데미지 +25%\n관통력 +1,1.25,,,,,1
300401,1,얼음 운석+1\n데미지 증가\n데미지 +60%,1.6,,,,,
300401,2,얼음 운석+1\n쿨타임 감소\n데미지 +25%\n쿨타임 -20%,1.25,,0.2,,,
300401,3,얼음 운석+1\n 투사체 증가\n데미지 -20%\n투사체 +1,0.8,,,1,,
300401,4,얼음 운석+1\n 공격 횟수 증가\n데미지 -30%\n공격 횟수 +1,0.7,,,,1,
300401,5,얼음 운석+1\n 관통력 증가\n데미지 +25%\n관통력 +1,1.25,,,,,1
300402,1,얼음 운석+2\n 데미지 증가\n데미지 +60%,1.6,,,,,
300402,2,얼음 운석+2\n 쿨타임 감소\n데미지 +25%\n쿨타임 -20%,1.25,,0.2,,,
300402,3,얼음 운석+2\n 투사체 증가\n데미지 -20%\n투사체 +1,0.8,,,1,,
300402,4,얼음 운석+2\n 공격 횟수 증가\n데미지 -30%\n공격 횟수 +1,0.7,,,,1,
300402,5,얼음 운석+2\n 관통력 증가\n데미지 +25%\n관통력 +1,1.25,,,,,1
300403,1,얼음 운석+3\n 데미지 증가\n데미지 +60%,1.6,,,,,
300403,2,얼음 운석+3\n 쿨타임 감소\n데미지 +25%\n쿨타임 -20%,1.25,,0.2,,,
300403,3,얼음 운석+3\n 투사체 증가\n데미지 -20%\n투사체 +1,0.8,,,1,,
300403,4,얼음 운석+3\n 공격 횟수 증가\n데미지 -30%\n공격 횟수 +1,0.7,,,,1,
300403,5,얼음 운석+3\n 관통력 증가\n데미지 +25%\n관통력 +1,1.25,,,,,1
300404,1,얼음 운석+4\n 데미지 증가\n데미지 +60%,1.6,,,,,
300404,2,얼음 운석+4\n 쿨타임 감소\n데미지 +25%\n쿨타임 -20%,1.25,,0.2,,,
300404,3,얼음 운석+4\n 투사체 증가\n데미지 -20%\n투사체 +1,0.8,,,1,,
300404,4,얼음 운석+4\n 공격 횟수 증가\n데미지 -30%\n공격 횟수 +1,0.7,,,,1,
300404,5,얼음 운석+4\n 관통력 증가\n데미지 +25%\n관통력 +1,1.25,,,,,1
300405,1,얼음 운석+5\n 데미지 증가\n데미지 +60%,1.6,,,,,
300405,2,얼음 운석+5\n 쿨타임 감소\n데미지 +25%\n쿨타임 -20%,1.25,,0.2,,,
300405,3,얼음 운석+5\n 투사체 증가\n데미지 -20%\n투사체 +1,0.8,,,1,,
300405,4,얼음 운석+5\n 공격 횟수 증가\n데미지 -30%\n공격 횟수 +1,0.7,,,,1,
300405,5,얼음 운석+5\n 관통력 증가\n데미지 +25%\n관통력 +1,1.25,,,,,1
300406,1,얼음 운석+6\n 데미지 증가\n데미지 +60%,1.6,,,,,
300406,2,얼음 운석+6\n 쿨타임 감소\n데미지 +25%\n쿨타임 -20%,1.25,,0.2,,,
300406,3,얼음 운석+6\n 투사체 증가\n데미지 -20%\n투사체 +1,0.8,,,1,,
300406,4,얼음 운석+6\n 공격 횟수 증가\n데미지 -30%\n공격 횟수 +1,0.7,,,,1,
300406,5,얼음 운석+6\n 관통력 증가\n데미지 +25%\n관통력 +1,1.25,,,,,1
300407,1,얼음 운석+7\n 데미지 증가\n데미지 +60%,1.6,,,,,
300407,2,얼음 운석+7\n 쿨타임 감소\n데미지 +25%\n쿨타임 -20%,1.25,,0.2,,,
300407,3,얼음 운석+7\n 투사체 증가\n데미지 -20%\n투사체 +1,0.8,,,1,,
300407,4,얼음 운석+7\n 공격 횟수 증가\n데미지 -30%\n공격 횟수 +1,0.7,,,,1,
300407,5,얼음 운석+7\n 관통력 증가\n데미지 +25%\n관통력 +1,1.25,,,,,1
300408,1,얼음 운석+8\n 데미지 증가\n데미지 +60%,1.6,,,,,
300408,2,얼음 운석+8\n 쿨타임 감소\n데미지 +25%\n쿨타임 -20%,1.25,,0.2,,,
300408,3,얼음 운석+8\n 투사체 증가\n데미지 -20%\n투사체 +1,0.8,,,1,,
300408,4,얼음 운석+8\n 공격 횟수 증가\n데미지 -30%\n공격 횟수 +1,0.7,,,,1,
300408,5,얼음 운석+8\n 관통력 증가\n데미지 +25%\n관통력 +1,1.25,,,,,1
300409,1,얼음 운석+9\n 데미지 증가\n데미지 +60%,1.6,,,,,
300409,2,얼음 운석+9\n 쿨타임 감소\n데미지 +25%\n쿨타임 -20%,1.25,,0.2,,,
300409,3,얼음 운석+9\n 투사체 증가\n데미지 -20%\n투사체 +1,0.8,,,1,,
300409,4,얼음 운석+9\n 공격 횟수 증가\n데미지 -30%\n공격 횟수 +1,0.7,,,,1,
300409,5,얼음 운석+9\n 관통력 증가\n데미지 +25%\n관통력 +1,1.25,,,,,1
300410,1,얼음 운석+10\n 데미지 증가\n데미지 +60%,1.6,,,,,
300410,2,얼음 운석+10\n 쿨타임 감소\n데미지 +25%\n쿨타임 -20%,1.25,,0.2,,,
300410,3,얼음 운석+10\n 투사체 증가\n데미지 -20%\n투사체 +1,0.8,,,1,,
300410,4,얼음 운석+10\n 공격 횟수 증가\n데미지 -30%\n공격 횟수 +1,0.7,,,,1,
300410,5,얼음 운석+10\n 관통력 증가\n데미지 +25%\n관통력 +1,1.25,,,,,1
300411,1,얼음 운석+11\n 데미지 증가\n데미지 +60%,1.6,,,,,
300411,2,얼음 운석+11\n 쿨타임 감소\n데미지 +25%\n쿨타임 -20%,1.25,,0.2,,,
300411,3,얼음 운석+11\n 투사체 증가\n데미지 -20%\n투사체 +1,0.8,,,1,,
300411,4,얼음 운석+11\n 공격 횟수 증가\n데미지 -30%\n공격 횟수 +1,0.7,,,,1,
300411,5,얼음 운석+11\n 관통력 증가\n데미지 +25%\n관통력 +1,1.25,,,,,1
300412,1,얼음 운석+12\n 데미지 증가\n데미지 +60%,1.6,,,,,
300412,2,얼음 운석+12\n 쿨타임 감소\n데미지 +25%\n쿨타임 -20%,1.25,,0.2,,,
300412,3,얼음 운석+12\n 투사체 증가\n데미지 -20%\n투사체 +1,0.8,,,1,,
300412,4,얼음 운석+12\n 공격 횟수 증가\n데미지 -30%\n공격 횟수 +1,0.7,,,,1,
300412,5,얼음 운석+12\n 관통력 증가\n데미지 +25%\n관통력 +1,1.25,,,,,1
300413,1,얼음 운석+13\n 데미지 증가\n데미지 +60%,1.6,,,,,
300413,2,얼음 운석+13\n 쿨타임 감소\n데미지 +25%\n쿨타임 -20%,1.25,,0.2,,,
300413,3,얼음 운석+13\n 투사체 증가\n데미지 -20%\n투사체 +1,0.8,,,1,,
300413,4,얼음 운석+13\n 공격 횟수 증가\n데미지 -30%\n공격 횟수 +1,0.7,,,,1,
300413,5,얼음 운석+13\n 관통력 증가\n데미지 +25%\n관통력 +1,1.25,,,,,1
300414,1,얼음 운석+14\n 데미지 증가\n데미지 +60%,1.6,,,,,
300414,2,얼음 운석+14\n 쿨타임 감소\n데미지 +25%\n쿨타임 -20%,1.25,,0.2,,,
300414,3,얼음 운석+14\n 투사체 증가\n데미지 -20%\n투사체 +1,0.8,,,1,,
300414,4,얼음 운석+14\n 공격 횟수 증가\n데미지 -30%\n공격 횟수 +1,0.7,,,,1,
300414,5,얼음 운석+14\n 관통력 증가\n데미지 +25%\n관통력 +1,1.25,,,,,1
300415,1,얼음 운석+15\n 데미지 증가\n데미지 +60%,1.6,,,,,
300415,2,얼음 운석+15\n 쿨타임 감소\n데미지 +25%\n쿨타임 -20%,1.25,,0.2,,,
300415,3,얼음 운석+15\n 투사체 증가\n데미지 -20%\n투사체 +1,0.8,,,1,,
300415,4,얼음 운석+15\n 공격 횟수 증가\n데미지 -30%\n공격 횟수 +1,0.7,,,,1,
300415,5,얼음 운석+15\n 관통력 증가\n데미지 +25%\n관통력 +1,1.25,,,,,1
300416,1,얼음 운석+16\n 데미지 증가\n데미지 +60%,1.6,,,,,
300416,2,얼음 운석+16\n 쿨타임 감소\n데미지 +25%\n쿨타임 -20%,1.25,,0.2,,,
300416,3,얼음 운석+16\n 투사체 증가\n데미지 -20%\n투사체 +1,0.8,,,1,,
300416,4,얼음 운석+16\n 공격 횟수 증가\n데미지 -30%\n공격 횟수 +1,0.7,,,,1,
300416,5,얼음 운석+16\n 관통력 증가\n데미지 +25%\n관통력 +1,1.25,,,,,1
300417,1,얼음 운석+17\n 데미지 증가\n데미지 +60%,1.6,,,,,
300417,2,얼음 운석+17\n 쿨타임 감소\n데미지 +25%\n쿨타임 -20%,1.25,,0.2,,,
300417,3,얼음 운석+17\n 투사체 증가\n데미지 -20%\n투사체 +1,0.8,,,1,,
300417,4,얼음 운석+17\n 공격 횟수 증가\n데미지 -30%\n공격 횟수 +1,0.7,,,,1,
300417,5,얼음 운석+17\n 관통력 증가\n데미지 +25%\n관통력 +1,1.25,,,,,1
300418,1,얼음 운석+18\n 데미지 증가\n데미지 +60%,1.6,,,,,
300418,2,얼음 운석+18\n 쿨타임 감소\n데미지 +25%\n쿨타임 -20%,1.25,,0.2,,,
300418,3,얼음 운석+18\n 투사체 증가\n데미지 -20%\n투사체 +1,0.8,,,1,,
300418,4,얼음 운석+18\n 공격 횟수 증가\n데미지 -30%\n공격 횟수 +1,0.7,,,,1,
300418,5,얼음 운석+18\n 관통력 증가\n데미지 +25%\n관통력 +1,1.25,,,,,1
300419,1,얼음 운석+19\n 데미지 증가\n데미지 +60%,1.6,,,,,
300419,2,얼음 운석+19\n 쿨타임 감소\n데미지 +25%\n쿨타임 -20%,1.25,,0.2,,,
300419,3,얼음 운석+19\n 투사체 증가\n데미지 -20%\n투사체 +1,0.8,,,1,,
300419,4,얼음 운석+19\n 공격 횟수 증가\n데미지 -30%\n공격 횟수 +1,0.7,,,,1,
300419,5,얼음 운석+19\n 관통력 증가\n데미지 +25%\n관통력 +1,1.25,,,,,1
300420,1,얼음 운석+20\n 데미지 증가\n데미지 +60%,1.6,,,,,
300420,2,얼음 운석+20\n 쿨타임 감소\n데미지 +25%\n쿨타임 -20%,1.25,,0.2,,,
300420,3,얼음 운석+20\n 투사체 증가\n데미지 -20%\n투사체 +1,0.8,,,1,,
300420,4,얼음 운석+20\n 공격 횟수 증가\n데미지 -30%\n공격 횟수 +1,0.7,,,,1,
300420,5,얼음 운석+20\n 관통력 증가\n데미지 +25%\n관통력 +1,1.25,,,,,1
3005,1,화염 운석\n 데미지 증가\n데미지 +60%,1.6,,,,,
3005,2,화염 운석\n 쿨타임 감소\n데미지 +25%\n쿨타임 -20%,1.25,,0.2,,,
3005,3,화염 운석\n 투사체 증가\n데미지 -20%\n투사체 +1,0.8,,,1,,
3005,4,화염 운석\n 공격 횟수 증가\n데미지 -30%\n공격 횟수 +1,0.7,,,,1,
3005,5,화염 운석\n 관통력 증가\n데미지 +25%\n관통력 +1,1.25,,,,,1
300501,1,화염 운석+1\n 데미지 증가\n데미지 +60%,1.6,,,,,
300501,2,화염 운석+1\n 쿨타임 감소\n데미지 +25%\n쿨타임 -20%,1.25,,0.2,,,
300501,3,화염 운석+1\n 투사체 증가\n데미지 -20%\n투사체 +1,0.8,,,1,,
300501,4,화염 운석+1\n 공격 횟수 증가\n데미지 -30%\n공격 횟수 +1,0.7,,,,1,
300501,5,화염 운석+1\n 관통력 증가\n데미지 +25%\n관통력 +1,1.25,,,,,1
300502,1,화염 운석+2\n 데미지 증가\n데미지 +60%,1.6,,,,,
300502,2,화염 운석+2\n 쿨타임 감소\n데미지 +25%\n쿨타임 -20%,1.25,,0.2,,,
300502,3,화염 운석+2\n 투사체 증가\n데미지 -20%\n투사체 +1,0.8,,,1,,
300502,4,화염 운석+2\n 공격 횟수 증가\n데미지 -30%\n공격 횟수 +1,0.7,,,,1,
300502,5,화염 운석+2\n 관통력 증가\n데미지 +25%\n관통력 +1,1.25,,,,,1
300503,1,화염 운석+3\n 데미지 증가\n데미지 +60%,1.6,,,,,
300503,2,화염 운석+3\n 쿨타임 감소\n데미지 +25%\n쿨타임 -20%,1.25,,0.2,,,
300503,3,화염 운석+3\n 투사체 증가\n데미지 -20%\n투사체 +1,0.8,,,1,,
300503,4,화염 운석+3\n 공격 횟수 증가\n데미지 -30%\n공격 횟수 +1,0.7,,,,1,
300503,5,화염 운석+3\n 관통력 증가\n데미지 +25%\n관통력 +1,1.25,,,,,1
300504,1,화염 운석+4\n 데미지 증가\n데미지 +60%,1.6,,,,,
300504,2,화염 운석+4\n 쿨타임 감소\n데미지 +25%\n쿨타임 -20%,1.25,,0.2,,,
300504,3,화염 운석+4\n 투사체 증가\n데미지 -20%\n투사체 +1,0.8,,,1,,
300504,4,화염 운석+4\n 공격 횟수 증가\n데미지 -30%\n공격 횟수 +1,0.7,,,,1,
300504,5,화염 운석+4\n 관통력 증가\n데미지 +25%\n관통력 +1,1.25,,,,,1
300505,1,화염 운석+5\n 데미지 증가\n데미지 +60%,1.6,,,,,
300505,2,화염 운석+5\n 쿨타임 감소\n데미지 +25%\n쿨타임 -20%,1.25,,0.2,,,
300505,3,화염 운석+5\n 투사체 증가\n데미지 -20%\n투사체 +1,0.8,,,1,,
300505,4,화염 운석+5\n 공격 횟수 증가\n데미지 -30%\n공격 횟수 +1,0.7,,,,1,
300505,5,화염 운석+5\n 관통력 증가\n데미지 +25%\n관통력 +1,1.25,,,,,1
300506,1,화염 운석+6\n 데미지 증가\n데미지 +60%,1.6,,,,,
300506,2,화염 운석+6\n 쿨타임 감소\n데미지 +25%\n쿨타임 -20%,1.25,,0.2,,,
300506,3,화염 운석+6\n 투사체 증가\n데미지 -20%\n투사체 +1,0.8,,,1,,
300506,4,화염 운석+6\n 공격 횟수 증가\n데미지 -30%\n공격 횟수 +1,0.7,,,,1,
300506,5,화염 운석+6\n 관통력 증가\n데미지 +25%\n관통력 +1,1.25,,,,,1
300507,1,화염 운석+7\n 데미지 증가\n데미지 +60%,1.6,,,,,
300507,2,화염 운석+7\n 쿨타임 감소\n데미지 +25%\n쿨타임 -20%,1.25,,0.2,,,
300507,3,화염 운석+7\n 투사체 증가\n데미지 -20%\n투사체 +1,0.8,,,1,,
300507,4,화염 운석+7\n 공격 횟수 증가\n데미지 -30%\n공격 횟수 +1,0.7,,,,1,
300507,5,화염 운석+7\n 관통력 증가\n데미지 +25%\n관통력 +1,1.25,,,,,1
300508,1,화염 운석+8\n 데미지 증가\n데미지 +60%,1.6,,,,,
300508,2,화염 운석+8\n 쿨타임 감소\n데미지 +25%\n쿨타임 -20%,1.25,,0.2,,,
300508,3,화염 운석+8\n 투사체 증가\n데미지 -20%\n투사체 +1,0.8,,,1,,
300508,4,화염 운석+8\n 공격 횟수 증가\n데미지 -30%\n공격 횟수 +1,0.7,,,,1,
300508,5,화염 운석+8\n 관통력 증가\n데미지 +25%\n관통력 +1,1.25,,,,,1
300509,1,화염 운석+9\n 데미지 증가\n데미지 +60%,1.6,,,,,
300509,2,화염 운석+9\n 쿨타임 감소\n데미지 +25%\n쿨타임 -20%,1.25,,0.2,,,
300509,3,화염 운석+9\n 투사체 증가\n데미지 -20%\n투사체 +1,0.8,,,1,,
300509,4,화염 운석+9\n 공격 횟수 증가\n데미지 -30%\n공격 횟수 +1,0.7,,,,1,
300509,5,화염 운석+9\n 관통력 증가\n데미지 +25%\n관통력 +1,1.25,,,,,1
300510,1,화염 운석+10\n 데미지 증가\n데미지 +60%,1.6,,,,,
300510,2,화염 운석+10\n 쿨타임 감소\n데미지 +25%\n쿨타임 -20%,1.25,,0.2,,,
300510,3,화염 운석+10\n 투사체 증가\n데미지 -20%\n투사체 +1,0.8,,,1,,
300510,4,화염 운석+10\n 공격 횟수 증가\n데미지 -30%\n공격 횟수 +1,0.7,,,,1,
300510,5,화염 운석+10\n 관통력 증가\n데미지 +25%\n관통력 +1,1.25,,,,,1
300511,1,화염 운석+11\n 데미지 증가\n데미지 +60%,1.6,,,,,
300511,2,화염 운석+11\n 쿨타임 감소\n데미지 +25%\n쿨타임 -20%,1.25,,0.2,,,
300511,3,화염 운석+11\n 투사체 증가\n데미지 -20%\n투사체 +1,0.8,,,1,,
300511,4,화염 운석+11\n 공격 횟수 증가\n데미지 -30%\n공격 횟수 +1,0.7,,,,1,
300511,5,화염 운석+11\n 관통력 증가\n데미지 +25%\n관통력 +1,1.25,,,,,1
300512,1,화염 운석+12\n 데미지 증가\n데미지 +60%,1.6,,,,,
300512,2,화염 운석+12\n 쿨타임 감소\n데미지 +25%\n쿨타임 -20%,1.25,,0.2,,,
300512,3,화염 운석+12\n 투사체 증가\n데미지 -20%\n투사체 +1,0.8,,,1,,
300512,4,화염 운석+12\n 공격 횟수 증가\n데미지 -30%\n공격 횟수 +1,0.7,,,,1,
300512,5,화염 운석+12\n 관통력 증가\n데미지 +25%\n관통력 +1,1.25,,,,,1
300513,1,화염 운석+13\n 데미지 증가\n데미지 +60%,1.6,,,,,
300513,2,화염 운석+13\n 쿨타임 감소\n데미지 +25%\n쿨타임 -20%,1.25,,0.2,,,
300513,3,화염 운석+13\n 투사체 증가\n데미지 -20%\n투사체 +1,0.8,,,1,,
300513,4,화염 운석+13\n 공격 횟수 증가\n데미지 -30%\n공격 횟수 +1,0.7,,,,1,
300513,5,화염 운석+13\n 관통력 증가\n데미지 +25%\n관통력 +1,1.25,,,,,1
300514,1,화염 운석+14\n 데미지 증가\n데미지 +60%,1.6,,,,,
300514,2,화염 운석+14\n 쿨타임 감소\n데미지 +25%\n쿨타임 -20%,1.25,,0.2,,,
300514,3,화염 운석+14\n 투사체 증가\n데미지 -20%\n투사체 +1,0.8,,,1,,
300514,4,화염 운석+14\n 공격 횟수 증가\n데미지 -30%\n공격 횟수 +1,0.7,,,,1,
300514,5,화염 운석+14\n 관통력 증가\n데미지 +25%\n관통력 +1,1.25,,,,,1
300515,1,화염 운석+15\n 데미지 증가\n데미지 +60%,1.6,,,,,
300515,2,화염 운석+15\n 쿨타임 감소\n데미지 +25%\n쿨타임 -20%,1.25,,0.2,,,
300515,3,화염 운석+15\n 투사체 증가\n데미지 -20%\n투사체 +1,0.8,,,1,,
300515,4,화염 운석+15\n 공격 횟수 증가\n데미지 -30%\n공격 횟수 +1,0.7,,,,1,
300515,5,화염 운석+15\n 관통력 증가\n데미지 +25%\n관통력 +1,1.25,,,,,1
300516,1,화염 운석+16\n 데미지 증가\n데미지 +60%,1.6,,,,,
300516,2,화염 운석+16\n 쿨타임 감소\n데미지 +25%\n쿨타임 -20%,1.25,,0.2,,,
300516,3,화염 운석+16\n 투사체 증가\n데미지 -20%\n투사체 +1,0.8,,,1,,
300516,4,화염 운석+16\n 공격 횟수 증가\n데미지 -30%\n공격 횟수 +1,0.7,,,,1,
300516,5,화염 운석+16\n 관통력 증가\n데미지 +25%\n관통력 +1,1.25,,,,,1
300517,1,화염 운석+17\n 데미지 증가\n데미지 +60%,1.6,,,,,
300517,2,화염 운석+17\n 쿨타임 감소\n데미지 +25%\n쿨타임 -20%,1.25,,0.2,,,
300517,3,화염 운석+17\n 투사체 증가\n데미지 -20%\n투사체 +1,0.8,,,1,,
300517,4,화염 운석+17\n 공격 횟수 증가\n데미지 -30%\n공격 횟수 +1,0.7,,,,1,
300517,5,화염 운석+17\n 관통력 증가\n데미지 +25%\n관통력 +1,1.25,,,,,1
300518,1,화염 운석+18\n 데미지 증가\n데미지 +60%,1.6,,,,,
300518,2,화염 운석+18\n 쿨타임 감소\n데미지 +25%\n쿨타임 -20%,1.25,,0.2,,,
300518,3,화염 운석+18\n 투사체 증가\n데미지 -20%\n투사체 +1,0.8,,,1,,
300518,4,화염 운석+18\n 공격 횟수 증가\n데미지 -30%\n공격 횟수 +1,0.7,,,,1,
300518,5,화염 운석+18\n 관통력 증가\n데미지 +25%\n관통력 +1,1.25,,,,,1
300519,1,화염 운석+19\n 데미지 증가\n데미지 +60%,1.6,,,,,
300519,2,화염 운석+19\n 쿨타임 감소\n데미지 +25%\n쿨타임 -20%,1.25,,0.2,,,
300519,3,화염 운석+19\n 투사체 증가\n데미지 -20%\n투사체 +1,0.8,,,1,,
300519,4,화염 운석+19\n 공격 횟수 증가\n데미지 -30%\n공격 횟수 +1,0.7,,,,1,
300519,5,화염 운석+19\n 관통력 증가\n데미지 +25%\n관통력 +1,1.25,,,,,1
300520,1,화염 운석+20\n 데미지 증가\n데미지 +60%,1.6,,,,,
300520,2,화염 운석+20\n 쿨타임 감소\n데미지 +25%\n쿨타임 -20%,1.25,,0.2,,,
300520,3,화염 운석+20\n 투사체 증가\n데미지 -20%\n투사체 +1,0.8,,,1,,
300520,4,화염 운석+20\n 공격 횟수 증가\n데미지 -30%\n공격 횟수 +1,0.7,,,,1,
300520,5,화염 운석+20\n 관통력 증가\n데미지 +25%\n관통력 +1,1.25,,,,,1
3006,1,워터 스피어\n 데미지 증가\n데미지 +60%,1.6,,,,,
3006,2,워터 스피어\n 쿨타임 감소\n데미지 +25%\n쿨타임 -20%,1.25,,0.2,,,
3006,3,워터 스피어\n 투사체 증가\n데미지 -20%\n투사체 +1,0.8,,,1,,
3006,4,워터 스피어\n 공격 횟수 증가\n데미지 -30%\n공격 횟수 +1,0.7,,,,1,
3006,5,워터 스피어\n 관통력 증가\n데미지 +25%\n관통력 +1,1.25,,,,,1
300601,1,워터 스피어+1\n 데미지 증가\n데미지 +60%,1.6,,,,,
300601,2,워터 스피어+1\n 쿨타임 감소\n데미지 +25%\n쿨타임 -20%,1.25,,0.2,,,
300601,3,워터 스피어+1\n 투사체 증가\n데미지 -20%\n투사체 +1,0.8,,,1,,
300601,4,워터 스피어+1\n 공격 횟수 증가\n데미지 -30%\n공격 횟수 +1,0.7,,,,1,
300601,5,워터 스피어+1\n 관통력 증가\n데미지 +25%\n관통력 +1,1.25,,,,,1
300602,1,워터 스피어+2\n 데미지 증가\n데미지 +60%,1.6,,,,,
300602,2,워터 스피어+2\n 쿨타임 감소\n데미지 +25%\n쿨타임 -20%,1.25,,0.2,,,
300602,3,워터 스피어+2\n 투사체 증가\n데미지 -20%\n투사체 +1,0.8,,,1,,
300602,4,워터 스피어+2\n 공격 횟수 증가\n데미지 -30%\n공격 횟수 +1,0.7,,,,1,
300602,5,워터 스피어+2\n 관통력 증가\n데미지 +25%\n관통력 +1,1.25,,,,,1
300603,1,워터 스피어+3\n 데미지 증가\n데미지 +60%,1.6,,,,,
300603,2,워터 스피어+3\n 쿨타임 감소\n데미지 +25%\n쿨타임 -20%,1.25,,0.2,,,
300603,3,워터 스피어+3\n 투사체 증가\n데미지 -20%\n투사체 +1,0.8,,,1,,
300603,4,워터 스피어+3\n 공격 횟수 증가\n데미지 -30%\n공격 횟수 +1,0.7,,,,1,
300603,5,워터 스피어+3\n 관통력 증가\n데미지 +25%\n관통력 +1,1.25,,,,,1
300604,1,워터 스피어+4\n 데미지 증가\n데미지 +60%,1.6,,,,,
300604,2,워터 스피어+4\n 쿨타임 감소\n데미지 +25%\n쿨타임 -20%,1.25,,0.2,,,
300604,3,워터 스피어+4\n 투사체 증가\n데미지 -20%\n투사체 +1,0.8,,,1,,
300604,4,워터 스피어+4\n 공격 횟수 증가\n데미지 -30%\n공격 횟수 +1,0.7,,,,1,
300604,5,워터 스피어+4\n 관통력 증가\n데미지 +25%\n관통력 +1,1.25,,,,,1
300605,1,워터 스피어+5\n 데미지 증가\n데미지 +60%,1.6,,,,,
300605,2,워터 스피어+5\n 쿨타임 감소\n데미지 +25%\n쿨타임 -20%,1.25,,0.2,,,
300605,3,워터 스피어+5\n 투사체 증가\n데미지 -20%\n투사체 +1,0.8,,,1,,
300605,4,워터 스피어+5\n 공격 횟수 증가\n데미지 -30%\n공격 횟수 +1,0.7,,,,1,
300605,5,워터 스피어+5\n 관통력 증가\n데미지 +25%\n관통력 +1,1.25,,,,,1
300606,1,워터 스피어+6\n 데미지 증가\n데미지 +60%,1.6,,,,,
300606,2,워터 스피어+6\n 쿨타임 감소\n데미지 +25%\n쿨타임 -20%,1.25,,0.2,,,
300606,3,워터 스피어+6\n 투사체 증가\n데미지 -20%\n투사체 +1,0.8,,,1,,
300606,4,워터 스피어+6\n 공격 횟수 증가\n데미지 -30%\n공격 횟수 +1,0.7,,,,1,
300606,5,워터 스피어+6\n 관통력 증가\n데미지 +25%\n관통력 +1,1.25,,,,,1
300607,1,워터 스피어+7\n 데미지 증가\n데미지 +60%,1.6,,,,,
300607,2,워터 스피어+7\n 쿨타임 감소\n데미지 +25%\n쿨타임 -20%,1.25,,0.2,,,
300607,3,워터 스피어+7\n 투사체 증가\n데미지 -20%\n투사체 +1,0.8,,,1,,
300607,4,워터 스피어+7\n 공격 횟수 증가\n데미지 -30%\n공격 횟수 +1,0.7,,,,1,
300607,5,워터 스피어+7\n 관통력 증가\n데미지 +25%\n관통력 +1,1.25,,,,,1
300608,1,워터 스피어+8\n 데미지 증가\n데미지 +60%,1.6,,,,,
300608,2,워터 스피어+8\n 쿨타임 감소\n데미지 +25%\n쿨타임 -20%,1.25,,0.2,,,
300608,3,워터 스피어+8\n 투사체 증가\n데미지 -20%\n투사체 +1,0.8,,,1,,
300608,4,워터 스피어+8\n 공격 횟수 증가\n데미지 -30%\n공격 횟수 +1,0.7,,,,1,
300608,5,워터 스피어+8\n 관통력 증가\n데미지 +25%\n관통력 +1,1.25,,,,,1
300609,1,워터 스피어+9\n 데미지 증가\n데미지 +60%,1.6,,,,,
300609,2,워터 스피어+9\n 쿨타임 감소\n데미지 +25%\n쿨타임 -20%,1.25,,0.2,,,
300609,3,워터 스피어+9\n 투사체 증가\n데미지 -20%\n투사체 +1,0.8,,,1,,
300609,4,워터 스피어+9\n 공격 횟수 증가\n데미지 -30%\n공격 횟수 +1,0.7,,,,1,
300609,5,워터 스피어+9\n 관통력 증가\n데미지 +25%\n관통력 +1,1.25,,,,,1
300610,1,워터 스피어+10\n 데미지 증가\n데미지 +60%,1.6,,,,,
300610,2,워터 스피어+10\n 쿨타임 감소\n데미지 +25%\n쿨타임 -20%,1.25,,0.2,,,
300610,3,워터 스피어+10\n 투사체 증가\n데미지 -20%\n투사체 +1,0.8,,,1,,
300610,4,워터 스피어+10\n 공격 횟수 증가\n데미지 -30%\n공격 횟수 +1,0.7,,,,1,
300610,5,워터 스피어+10\n 관통력 증가\n데미지 +25%\n관통력 +1,1.25,,,,,1
300611,1,워터 스피어+11\n 데미지 증가\n데미지 +60%,1.6,,,,,
300611,2,워터 스피어+11\n 쿨타임 감소\n데미지 +25%\n쿨타임 -20%,1.25,,0.2,,,
300611,3,워터 스피어+11\n 투사체 증가\n데미지 -20%\n투사체 +1,0.8,,,1,,
300611,4,워터 스피어+11\n 공격 횟수 증가\n데미지 -30%\n공격 횟수 +1,0.7,,,,1,
300611,5,워터 스피어+11\n 관통력 증가\n데미지 +25%\n관통력 +1,1.25,,,,,1
300612,1,워터 스피어+12\n 데미지 증가\n데미지 +60%,1.6,,,,,
300612,2,워터 스피어+12\n 쿨타임 감소\n데미지 +25%\n쿨타임 -20%,1.25,,0.2,,,
300612,3,워터 스피어+12\n 투사체 증가\n데미지 -20%\n투사체 +1,0.8,,,1,,
300612,4,워터 스피어+12\n 공격 횟수 증가\n데미지 -30%\n공격 횟수 +1,0.7,,,,1,
300612,5,워터 스피어+12\n 관통력 증가\n데미지 +25%\n관통력 +1,1.25,,,,,1
300613,1,워터 스피어+13\n 데미지 증가\n데미지 +60%,1.6,,,,,
300613,2,워터 스피어+13\n 쿨타임 감소\n데미지 +25%\n쿨타임 -20%,1.25,,0.2,,,
300613,3,워터 스피어+13\n 투사체 증가\n데미지 -20%\n투사체 +1,0.8,,,1,,
300613,4,워터 스피어+13\n 공격 횟수 증가\n데미지 -30%\n공격 횟수 +1,0.7,,,,1,
300613,5,워터 스피어+13\n 관통력 증가\n데미지 +25%\n관통력 +1,1.25,,,,,1
300614,1,워터 스피어+14\n 데미지 증가\n데미지 +60%,1.6,,,,,
300614,2,워터 스피어+14\n 쿨타임 감소\n데미지 +25%\n쿨타임 -20%,1.25,,0.2,,,
300614,3,워터 스피어+14\n 투사체 증가\n데미지 -20%\n투사체 +1,0.8,,,1,,
300614,4,워터 스피어+14\n 공격 횟수 증가\n데미지 -30%\n공격 횟수 +1,0.7,,,,1,
300614,5,워터 스피어+14\n 관통력 증가\n데미지 +25%\n관통력 +1,1.25,,,,,1
300615,1,워터 스피어+15\n 데미지 증가\n데미지 +60%,1.6,,,,,
300615,2,워터 스피어+15\n 쿨타임 감소\n데미지 +25%\n쿨타임 -20%,1.25,,0.2,,,
300615,3,워터 스피어+15\n 투사체 증가\n데미지 -20%\n투사체 +1,0.8,,,1,,
300615,4,워터 스피어+15\n 공격 횟수 증가\n데미지 -30%\n공격 횟수 +1,0.7,,,,1,
300615,5,워터 스피어+15\n 관통력 증가\n데미지 +25%\n관통력 +1,1.25,,,,,1
300616,1,워터 스피어+16\n 데미지 증가\n데미지 +60%,1.6,,,,,
300616,2,워터 스피어+16\n 쿨타임 감소\n데미지 +25%\n쿨타임 -20%,1.25,,0.2,,,
300616,3,워터 스피어+16\n 투사체 증가\n데미지 -20%\n투사체 +1,0.8,,,1,,
300616,4,워터 스피어+16\n 공격 횟수 증가\n데미지 -30%\n공격 횟수 +1,0.7,,,,1,
300616,5,워터 스피어+16\n 관통력 증가\n데미지 +25%\n관통력 +1,1.25,,,,,1
300617,1,워터 스피어+17\n 데미지 증가\n데미지 +60%,1.6,,,,,
300617,2,워터 스피어+17\n 쿨타임 감소\n데미지 +25%\n쿨타임 -20%,1.25,,0.2,,,
300617,3,워터 스피어+17\n 투사체 증가\n데미지 -20%\n투사체 +1,0.8,,,1,,
300617,4,워터 스피어+17\n 공격 횟수 증가\n데미지 -30%\n공격 횟수 +1,0.7,,,,1,
300617,5,워터 스피어+17\n 관통력 증가\n데미지 +25%\n관통력 +1,1.25,,,,,1
300618,1,워터 스피어+18\n 데미지 증가\n데미지 +60%,1.6,,,,,
300618,2,워터 스피어+18\n 쿨타임 감소\n데미지 +25%\n쿨타임 -20%,1.25,,0.2,,,
300618,3,워터 스피어+18\n 투사체 증가\n데미지 -20%\n투사체 +1,0.8,,,1,,
300618,4,워터 스피어+18\n 공격 횟수 증가\n데미지 -30%\n공격 횟수 +1,0.7,,,,1,
300618,5,워터 스피어+18\n 관통력 증가\n데미지 +25%\n관통력 +1,1.25,,,,,1
300619,1,워터 스피어+19\n 데미지 증가\n데미지 +60%,1.6,,,,,
300619,2,워터 스피어+19\n 쿨타임 감소\n데미지 +25%\n쿨타임 -20%,1.25,,0.2,,,
300619,3,워터 스피어+19\n 투사체 증가\n데미지 -20%\n투사체 +1,0.8,,,1,,
300619,4,워터 스피어+19\n 공격 횟수 증가\n데미지 -30%\n공격 횟수 +1,0.7,,,,1,
300619,5,워터 스피어+19\n 관통력 증가\n데미지 +25%\n관통력 +1,1.25,,,,,1
300620,1,워터 스피어+20\n 데미지 증가\n데미지 +60%,1.6,,,,,
300620,2,워터 스피어+20\n 쿨타임 감소\n데미지 +25%\n쿨타임 -20%,1.25,,0.2,,,
300620,3,워터 스피어+20\n 투사체 증가\n데미지 -20%\n투사체 +1,0.8,,,1,,
300620,4,워터 스피어+20\n 공격 횟수 증가\n데미지 -30%\n공격 횟수 +1,0.7,,,,1,
300620,5,워터 스피어+20\n 관통력 증가\n데미지 +25%\n관통력 +1,1.25,,,,,1
3007,1,워터 볼\n 데미지 증가\n데미지 +60%,1.6,,,,,
3007,2,워터 볼\n 쿨타임 감소\n데미지 +25%\n쿨타임 -20%,1.25,,0.2,,,
3007,3,워터 볼\n 투사체 증가\n데미지 -20%\n투사체 +1,0.8,,,1,,
3007,4,워터 볼\n 공격 횟수 증가\n데미지 -30%\n공격 횟수 +1,0.7,,,,1,
3007,5,워터 볼\n 관통력 증가\n데미지 +25%\n관통력 +1,1.25,,,,,1
300701,1,워터 볼+1\n 데미지 증가\n데미지 +60%,1.6,,,,,
300701,2,워터 볼+1\n 쿨타임 감소\n데미지 +25%\n쿨타임 -20%,1.25,,0.2,,,
300701,3,워터 볼+1\n 투사체 증가\n데미지 -20%\n투사체 +1,0.8,,,1,,
300701,4,워터 볼+1\n 공격 횟수 증가\n데미지 -30%\n공격 횟수 +1,0.7,,,,1,
300701,5,워터 볼+1\n 관통력 증가\n데미지 +25%\n관통력 +1,1.25,,,,,1
300702,1,워터 볼+2\n 데미지 증가\n데미지 +60%,1.6,,,,,
300702,2,워터 볼+2\n 쿨타임 감소\n데미지 +25%\n쿨타임 -20%,1.25,,0.2,,,
300702,3,워터 볼+2\n 투사체 증가\n데미지 -20%\n투사체 +1,0.8,,,1,,
300702,4,워터 볼+2\n 공격 횟수 증가\n데미지 -30%\n공격 횟수 +1,0.7,,,,1,
300702,5,워터 볼+2\n 관통력 증가\n데미지 +25%\n관통력 +1,1.25,,,,,1
300703,1,워터 볼+3\n 데미지 증가\n데미지 +60%,1.6,,,,,
300703,2,워터 볼+3\n 쿨타임 감소\n데미지 +25%\n쿨타임 -20%,1.25,,0.2,,,
300703,3,워터 볼+3\n 투사체 증가\n데미지 -20%\n투사체 +1,0.8,,,1,,
300703,4,워터 볼+3\n 공격 횟수 증가\n데미지 -30%\n공격 횟수 +1,0.7,,,,1,
300703,5,워터 볼+3\n 관통력 증가\n데미지 +25%\n관통력 +1,1.25,,,,,1
300704,1,워터 볼+4\n 데미지 증가\n데미지 +60%,1.6,,,,,
300704,2,워터 볼+4\n 쿨타임 감소\n데미지 +25%\n쿨타임 -20%,1.25,,0.2,,,
300704,3,워터 볼+4\n 투사체 증가\n데미지 -20%\n투사체 +1,0.8,,,1,,
300704,4,워터 볼+4\n 공격 횟수 증가\n데미지 -30%\n공격 횟수 +1,0.7,,,,1,
300704,5,워터 볼+4\n 관통력 증가\n데미지 +25%\n관통력 +1,1.25,,,,,1
300705,1,워터 볼+5\n 데미지 증가\n데미지 +60%,1.6,,,,,
300705,2,워터 볼+5\n 쿨타임 감소\n데미지 +25%\n쿨타임 -20%,1.25,,0.2,,,
300705,3,워터 볼+5\n 투사체 증가\n데미지 -20%\n투사체 +1,0.8,,,1,,
300705,4,워터 볼+5\n 공격 횟수 증가\n데미지 -30%\n공격 횟수 +1,0.7,,,,1,
300705,5,워터 볼+5\n 관통력 증가\n데미지 +25%\n관통력 +1,1.25,,,,,1
300706,1,워터 볼+6\n 데미지 증가\n데미지 +60%,1.6,,,,,
300706,2,워터 볼+6\n 쿨타임 감소\n데미지 +25%\n쿨타임 -20%,1.25,,0.2,,,
300706,3,워터 볼+6\n 투사체 증가\n데미지 -20%\n투사체 +1,0.8,,,1,,
300706,4,워터 볼+6\n 공격 횟수 증가\n데미지 -30%\n공격 횟수 +1,0.7,,,,1,
300706,5,워터 볼+6\n 관통력 증가\n데미지 +25%\n관통력 +1,1.25,,,,,1
300707,1,워터 볼+7\n 데미지 증가\n데미지 +60%,1.6,,,,,
300707,2,워터 볼+7\n 쿨타임 감소\n데미지 +25%\n쿨타임 -20%,1.25,,0.2,,,
300707,3,워터 볼+7\n 투사체 증가\n데미지 -20%\n투사체 +1,0.8,,,1,,
300707,4,워터 볼+7\n 공격 횟수 증가\n데미지 -30%\n공격 횟수 +1,0.7,,,,1,
300707,5,워터 볼+7\n 관통력 증가\n데미지 +25%\n관통력 +1,1.25,,,,,1
300708,1,워터 볼+8\n 데미지 증가\n데미지 +60%,1.6,,,,,
300708,2,워터 볼+8\n 쿨타임 감소\n데미지 +25%\n쿨타임 -20%,1.25,,0.2,,,
300708,3,워터 볼+8\n 투사체 증가\n데미지 -20%\n투사체 +1,0.8,,,1,,
300708,4,워터 볼+8\n 공격 횟수 증가\n데미지 -30%\n공격 횟수 +1,0.7,,,,1,
300708,5,워터 볼+8\n 관통력 증가\n데미지 +25%\n관통력 +1,1.25,,,,,1
300709,1,워터 볼+9\n 데미지 증가\n데미지 +60%,1.6,,,,,
300709,2,워터 볼+9\n 쿨타임 감소\n데미지 +25%\n쿨타임 -20%,1.25,,0.2,,,
300709,3,워터 볼+9\n 투사체 증가\n데미지 -20%\n투사체 +1,0.8,,,1,,
300709,4,워터 볼+9\n 공격 횟수 증가\n데미지 -30%\n공격 횟수 +1,0.7,,,,1,
300709,5,워터 볼+9\n 관통력 증가\n데미지 +25%\n관통력 +1,1.25,,,,,1
300710,1,워터 볼+10\n 데미지 증가\n데미지 +60%,1.6,,,,,
300710,2,워터 볼+10\n 쿨타임 감소\n데미지 +25%\n쿨타임 -20%,1.25,,0.2,,,
300710,3,워터 볼+10\n 투사체 증가\n데미지 -20%\n투사체 +1,0.8,,,1,,
300710,4,워터 볼+10\n 공격 횟수 증가\n데미지 -30%\n공격 횟수 +1,0.7,,,,1,
300710,5,워터 볼+10\n 관통력 증가\n데미지 +25%\n관통력 +1,1.25,,,,,1
300711,1,워터 볼+11\n 데미지 증가\n데미지 +60%,1.6,,,,,
300711,2,워터 볼+11\n 쿨타임 감소\n데미지 +25%\n쿨타임 -20%,1.25,,0.2,,,
300711,3,워터 볼+11\n 투사체 증가\n데미지 -20%\n투사체 +1,0.8,,,1,,
300711,4,워터 볼+11\n 공격 횟수 증가\n데미지 -30%\n공격 횟수 +1,0.7,,,,1,
300711,5,워터 볼+11\n 관통력 증가\n데미지 +25%\n관통력 +1,1.25,,,,,1
300712,1,워터 볼+12\n 데미지 증가\n데미지 +60%,1.6,,,,,
300712,2,워터 볼+12\n 쿨타임 감소\n데미지 +25%\n쿨타임 -20%,1.25,,0.2,,,
300712,3,워터 볼+12\n 투사체 증가\n데미지 -20%\n투사체 +1,0.8,,,1,,
300712,4,워터 볼+12\n 공격 횟수 증가\n데미지 -30%\n공격 횟수 +1,0.7,,,,1,
300712,5,워터 볼+12\n 관통력 증가\n데미지 +25%\n관통력 +1,1.25,,,,,1
300713,1,워터 볼+13\n 데미지 증가\n데미지 +60%,1.6,,,,,
300713,2,워터 볼+13\n 쿨타임 감소\n데미지 +25%\n쿨타임 -20%,1.25,,0.2,,,
300713,3,워터 볼+13\n 투사체 증가\n데미지 -20%\n투사체 +1,0.8,,,1,,
300713,4,워터 볼+13\n 공격 횟수 증가\n데미지 -30%\n공격 횟수 +1,0.7,,,,1,
300713,5,워터 볼+13\n 관통력 증가\n데미지 +25%\n관통력 +1,1.25,,,,,1
300714,1,워터 볼+14\n 데미지 증가\n데미지 +60%,1.6,,,,,
300714,2,워터 볼+14\n 쿨타임 감소\n데미지 +25%\n쿨타임 -20%,1.25,,0.2,,,
300714,3,워터 볼+14\n 투사체 증가\n데미지 -20%\n투사체 +1,0.8,,,1,,
300714,4,워터 볼+14\n 공격 횟수 증가\n데미지 -30%\n공격 횟수 +1,0.7,,,,1,
300714,5,워터 볼+14\n 관통력 증가\n데미지 +25%\n관통력 +1,1.25,,,,,1
300715,1,워터 볼+15\n 데미지 증가\n데미지 +60%,1.6,,,,,
300715,2,워터 볼+15\n 쿨타임 감소\n데미지 +25%\n쿨타임 -20%,1.25,,0.2,,,
300715,3,워터 볼+15\n 투사체 증가\n데미지 -20%\n투사체 +1,0.8,,,1,,
300715,4,워터 볼+15\n 공격 횟수 증가\n데미지 -30%\n공격 횟수 +1,0.7,,,,1,
300715,5,워터 볼+15\n 관통력 증가\n데미지 +25%\n관통력 +1,1.25,,,,,1
300716,1,워터 볼+16\n 데미지 증가\n데미지 +60%,1.6,,,,,
300716,2,워터 볼+16\n 쿨타임 감소\n데미지 +25%\n쿨타임 -20%,1.25,,0.2,,,
300716,3,워터 볼+16\n 투사체 증가\n데미지 -20%\n투사체 +1,0.8,,,1,,
300716,4,워터 볼+16\n 공격 횟수 증가\n데미지 -30%\n공격 횟수 +1,0.7,,,,1,
300716,5,워터 볼+16\n 관통력 증가\n데미지 +25%\n관통력 +1,1.25,,,,,1
300717,1,워터 볼+17\n 데미지 증가\n데미지 +60%,1.6,,,,,
300717,2,워터 볼+17\n 쿨타임 감소\n데미지 +25%\n쿨타임 -20%,1.25,,0.2,,,
300717,3,워터 볼+17\n 투사체 증가\n데미지 -20%\n투사체 +1,0.8,,,1,,
300717,4,워터 볼+17\n 공격 횟수 증가\n데미지 -30%\n공격 횟수 +1,0.7,,,,1,
300717,5,워터 볼+17\n 관통력 증가\n데미지 +25%\n관통력 +1,1.25,,,,,1
300718,1,워터 볼+18\n 데미지 증가\n데미지 +60%,1.6,,,,,
300718,2,워터 볼+18\n 쿨타임 감소\n데미지 +25%\n쿨타임 -20%,1.25,,0.2,,,
300718,3,워터 볼+18\n 투사체 증가\n데미지 -20%\n투사체 +1,0.8,,,1,,
300718,4,워터 볼+18\n 공격 횟수 증가\n데미지 -30%\n공격 횟수 +1,0.7,,,,1,
300718,5,워터 볼+18\n 관통력 증가\n데미지 +25%\n관통력 +1,1.25,,,,,1
300719,1,워터 볼+19\n 데미지 증가\n데미지 +60%,1.6,,,,,
300719,2,워터 볼+19\n 쿨타임 감소\n데미지 +25%\n쿨타임 -20%,1.25,,0.2,,,
300719,3,워터 볼+19\n 투사체 증가\n데미지 -20%\n투사체 +1,0.8,,,1,,
300719,4,워터 볼+19\n 공격 횟수 증가\n데미지 -30%\n공격 횟수 +1,0.7,,,,1,
300719,5,워터 볼+19\n 관통력 증가\n데미지 +25%\n관통력 +1,1.25,,,,,1
300720,1,워터 볼+20\n 데미지 증가\n데미지 +60%,1.6,,,,,
300720,2,워터 볼+20\n 쿨타임 감소\n데미지 +25%\n쿨타임 -20%,1.25,,0.2,,,
300720,3,워터 볼+20\n 투사체 증가\n데미지 -20%\n투사체 +1,0.8,,,1,,
300720,4,워터 볼+20\n 공격 횟수 증가\n데미지 -30%\n공격 횟수 +1,0.7,,,,1,
300720,5,워터 볼+20\n 관통력 증가\n데미지 +25%\n관통력 +1,1.25,,,,,1
3008,1,썬더 볼\n 데미지 증가\n데미지 +60%,1.6,,,,,
3008,2,썬더 볼\n 쿨타임 감소\n데미지 +25%\n쿨타임 -20%,1.25,,0.2,,,
3008,3,썬더 볼\n 투사체 증가\n데미지 -20%\n투사체 +1,0.8,,,1,,
3008,4,썬더 볼\n 공격 횟수 증가\n데미지 -30%\n공격 횟수 +1,0.7,,,,1,
3008,5,썬더 볼\n 관통력 증가\n데미지 +25%\n관통력 +1,1.25,,,,,1
300801,1,썬더 볼+1\n 데미지 증가\n데미지 +60%,1.6,,,,,
300801,2,썬더 볼+1\n 쿨타임 감소\n데미지 +25%\n쿨타임 -20%,1.25,,0.2,,,
300801,3,썬더 볼+1\n 투사체 증가\n데미지 -20%\n투사체 +1,0.8,,,1,,
300801,4,썬더 볼+1\n 공격 횟수 증가\n데미지 -30%\n공격 횟수 +1,0.7,,,,1,
300801,5,썬더 볼+1\n 관통력 증가\n데미지 +25%\n관통력 +1,1.25,,,,,1
300802,1,썬더 볼+2\n 데미지 증가\n데미지 +60%,1.6,,,,,
300802,2,썬더 볼+2\n 쿨타임 감소\n데미지 +25%\n쿨타임 -20%,1.25,,0.2,,,
300802,3,썬더 볼+2\n 투사체 증가\n데미지 -20%\n투사체 +1,0.8,,,1,,
300802,4,썬더 볼+2\n 공격 횟수 증가\n데미지 -30%\n공격 횟수 +1,0.7,,,,1,
300802,5,썬더 볼+2\n 관통력 증가\n데미지 +25%\n관통력 +1,1.25,,,,,1
300803,1,썬더 볼+3\n 데미지 증가\n데미지 +60%,1.6,,,,,
300803,2,썬더 볼+3\n 쿨타임 감소\n데미지 +25%\n쿨타임 -20%,1.25,,0.2,,,
300803,3,썬더 볼+3\n 투사체 증가\n데미지 -20%\n투사체 +1,0.8,,,1,,
300803,4,썬더 볼+3\n 공격 횟수 증가\n데미지 -30%\n공격 횟수 +1,0.7,,,,1,
300803,5,썬더 볼+3\n 관통력 증가\n데미지 +25%\n관통력 +1,1.25,,,,,1
300804,1,썬더 볼+4\n 데미지 증가\n데미지 +60%,1.6,,,,,
300804,2,썬더 볼+4\n 쿨타임 감소\n데미지 +25%\n쿨타임 -20%,1.25,,0.2,,,
300804,3,썬더 볼+4\n 투사체 증가\n데미지 -20%\n투사체 +1,0.8,,,1,,
300804,4,썬더 볼+4\n 공격 횟수 증가\n데미지 -30%\n공격 횟수 +1,0.7,,,,1,
300804,5,썬더 볼+4\n 관통력 증가\n데미지 +25%\n관통력 +1,1.25,,,,,1
300805,1,썬더 볼+5\n 데미지 증가\n데미지 +60%,1.6,,,,,
300805,2,썬더 볼+5\n 쿨타임 감소\n데미지 +25%\n쿨타임 -20%,1.25,,0.2,,,
300805,3,썬더 볼+5\n 투사체 증가\n데미지 -20%\n투사체 +1,0.8,,,1,,
300805,4,썬더 볼+5\n 공격 횟수 증가\n데미지 -30%\n공격 횟수 +1,0.7,,,,1,
300805,5,썬더 볼+5\n 관통력 증가\n데미지 +25%\n관통력 +1,1.25,,,,,1
300806,1,썬더 볼+6\n 데미지 증가\n데미지 +60%,1.6,,,,,
300806,2,썬더 볼+6\n 쿨타임 감소\n데미지 +25%\n쿨타임 -20%,1.25,,0.2,,,
300806,3,썬더 볼+6\n 투사체 증가\n데미지 -20%\n투사체 +1,0.8,,,1,,
300806,4,썬더 볼+6\n 공격 횟수 증가\n데미지 -30%\n공격 횟수 +1,0.7,,,,1,
300806,5,썬더 볼+6\n 관통력 증가\n데미지 +25%\n관통력 +1,1.25,,,,,1
300807,1,썬더 볼+7\n 데미지 증가\n데미지 +60%,1.6,,,,,
300807,2,썬더 볼+7\n 쿨타임 감소\n데미지 +25%\n쿨타임 -20%,1.25,,0.2,,,
300807,3,썬더 볼+7\n 투사체 증가\n데미지 -20%\n투사체 +1,0.8,,,1,,
300807,4,썬더 볼+7\n 공격 횟수 증가\n데미지 -30%\n공격 횟수 +1,0.7,,,,1,
300807,5,썬더 볼+7\n 관통력 증가\n데미지 +25%\n관통력 +1,1.25,,,,,1
300808,1,썬더 볼+8\n 데미지 증가\n데미지 +60%,1.6,,,,,
300808,2,썬더 볼+8\n 쿨타임 감소\n데미지 +25%\n쿨타임 -20%,1.25,,0.2,,,
300808,3,썬더 볼+8\n 투사체 증가\n데미지 -20%\n투사체 +1,0.8,,,1,,
300808,4,썬더 볼+8\n 공격 횟수 증가\n데미지 -30%\n공격 횟수 +1,0.7,,,,1,
300808,5,썬더 볼+8\n 관통력 증가\n데미지 +25%\n관통력 +1,1.25,,,,,1
300809,1,썬더 볼+9\n 데미지 증가\n데미지 +60%,1.6,,,,,
300809,2,썬더 볼+9\n 쿨타임 감소\n데미지 +25%\n쿨타임 -20%,1.25,,0.2,,,
300809,3,썬더 볼+9\n 투사체 증가\n데미지 -20%\n투사체 +1,0.8,,,1,,
300809,4,썬더 볼+9\n 공격 횟수 증가\n데미지 -30%\n공격 횟수 +1,0.7,,,,1,
300809,5,썬더 볼+9\n 관통력 증가\n데미지 +25%\n관통력 +1,1.25,,,,,1
300810,1,썬더 볼+10\n 데미지 증가\n데미지 +60%,1.6,,,,,
300810,2,썬더 볼+10\n 쿨타임 감소\n데미지 +25%\n쿨타임 -20%,1.25,,0.2,,,
300810,3,썬더 볼+10\n 투사체 증가\n데미지 -20%\n투사체 +1,0.8,,,1,,
300810,4,썬더 볼+10\n 공격 횟수 증가\n데미지 -30%\n공격 횟수 +1,0.7,,,,1,
300810,5,썬더 볼+10\n 관통력 증가\n데미지 +25%\n관통력 +1,1.25,,,,,1
300811,1,썬더 볼+11\n 데미지 증가\n데미지 +60%,1.6,,,,,
300811,2,썬더 볼+11\n 쿨타임 감소\n데미지 +25%\n쿨타임 -20%,1.25,,0.2,,,
300811,3,썬더 볼+11\n 투사체 증가\n데미지 -20%\n투사체 +1,0.8,,,1,,
300811,4,썬더 볼+11\n 공격 횟수 증가\n데미지 -30%\n공격 횟수 +1,0.7,,,,1,
300811,5,썬더 볼+11\n 관통력 증가\n데미지 +25%\n관통력 +1,1.25,,,,,1
300812,1,썬더 볼+12\n 데미지 증가\n데미지 +60%,1.6,,,,,
300812,2,썬더 볼+12\n 쿨타임 감소\n데미지 +25%\n쿨타임 -20%,1.25,,0.2,,,
300812,3,썬더 볼+12\n 투사체 증가\n데미지 -20%\n투사체 +1,0.8,,,1,,
300812,4,썬더 볼+12\n 공격 횟수 증가\n데미지 -30%\n공격 횟수 +1,0.7,,,,1,
300812,5,썬더 볼+12\n 관통력 증가\n데미지 +25%\n관통력 +1,1.25,,,,,1
300813,1,썬더 볼+13\n 데미지 증가\n데미지 +60%,1.6,,,,,
300813,2,썬더 볼+13\n 쿨타임 감소\n데미지 +25%\n쿨타임 -20%,1.25,,0.2,,,
300813,3,썬더 볼+13\n 투사체 증가\n데미지 -20%\n투사체 +1,0.8,,,1,,
300813,4,썬더 볼+13\n 공격 횟수 증가\n데미지 -30%\n공격 횟수 +1,0.7,,,,1,
300813,5,썬더 볼+13\n 관통력 증가\n데미지 +25%\n관통력 +1,1.25,,,,,1
300814,1,썬더 볼+14\n 데미지 증가\n데미지 +60%,1.6,,,,,
300814,2,썬더 볼+14\n 쿨타임 감소\n데미지 +25%\n쿨타임 -20%,1.25,,0.2,,,
300814,3,썬더 볼+14\n 투사체 증가\n데미지 -20%\n투사체 +1,0.8,,,1,,
300814,4,썬더 볼+14\n 공격 횟수 증가\n데미지 -30%\n공격 횟수 +1,0.7,,,,1,
300814,5,썬더 볼+14\n 관통력 증가\n데미지 +25%\n관통력 +1,1.25,,,,,1
300815,1,썬더 볼+15\n 데미지 증가\n데미지 +60%,1.6,,,,,
300815,2,썬더 볼+15\n 쿨타임 감소\n데미지 +25%\n쿨타임 -20%,1.25,,0.2,,,
300815,3,썬더 볼+15\n 투사체 증가\n데미지 -20%\n투사체 +1,0.8,,,1,,
300815,4,썬더 볼+15\n 공격 횟수 증가\n데미지 -30%\n공격 횟수 +1,0.7,,,,1,
300815,5,썬더 볼+15\n 관통력 증가\n데미지 +25%\n관통력 +1,1.25,,,,,1
300816,1,썬더 볼+16\n 데미지 증가\n데미지 +60%,1.6,,,,,
300816,2,썬더 볼+16\n 쿨타임 감소\n데미지 +25%\n쿨타임 -20%,1.25,,0.2,,,
300816,3,썬더 볼+16\n 투사체 증가\n데미지 -20%\n투사체 +1,0.8,,,1,,
300816,4,썬더 볼+16\n 공격 횟수 증가\n데미지 -30%\n공격 횟수 +1,0.7,,,,1,
300816,5,썬더 볼+16\n 관통력 증가\n데미지 +25%\n관통력 +1,1.25,,,,,1
300817,1,썬더 볼+17\n 데미지 증가\n데미지 +60%,1.6,,,,,
300817,2,썬더 볼+17\n 쿨타임 감소\n데미지 +25%\n쿨타임 -20%,1.25,,0.2,,,
300817,3,썬더 볼+17\n 투사체 증가\n데미지 -20%\n투사체 +1,0.8,,,1,,
300817,4,썬더 볼+17\n 공격 횟수 증가\n데미지 -30%\n공격 횟수 +1,0.7,,,,1,
300817,5,썬더 볼+17\n 관통력 증가\n데미지 +25%\n관통력 +1,1.25,,,,,1
300818,1,썬더 볼+18\n 데미지 증가\n데미지 +60%,1.6,,,,,
300818,2,썬더 볼+18\n 쿨타임 감소\n데미지 +25%\n쿨타임 -20%,1.25,,0.2,,,
300818,3,썬더 볼+18\n 투사체 증가\n데미지 -20%\n투사체 +1,0.8,,,1,,
300818,4,썬더 볼+18\n 공격 횟수 증가\n데미지 -30%\n공격 횟수 +1,0.7,,,,1,
300818,5,썬더 볼+18\n 관통력 증가\n데미지 +25%\n관통력 +1,1.25,,,,,1
300819,1,썬더 볼+19\n 데미지 증가\n데미지 +60%,1.6,,,,,
300819,2,썬더 볼+19\n 쿨타임 감소\n데미지 +25%\n쿨타임 -20%,1.25,,0.2,,,
300819,3,썬더 볼+19\n 투사체 증가\n데미지 -20%\n투사체 +1,0.8,,,1,,
300819,4,썬더 볼+19\n 공격 횟수 증가\n데미지 -30%\n공격 횟수 +1,0.7,,,,1,
300819,5,썬더 볼+19\n 관통력 증가\n데미지 +25%\n관통력 +1,1.25,,,,,1
300820,1,썬더 볼+20\n 데미지 증가\n데미지 +60%,1.6,,,,,
300820,2,썬더 볼+20\n 쿨타임 감소\n데미지 +25%\n쿨타임 -20%,1.25,,0.2,,,
300820,3,썬더 볼+20\n 투사체 증가\n데미지 -20%\n투사체 +1,0.8,,,1,,
300820,4,썬더 볼+20\n 공격 횟수 증가\n데미지 -30%\n공격 횟수 +1,0.7,,,,1,
300820,5,썬더 볼+20\n 관통력 증가\n데미지 +25%\n관통력 +1,1.25,,,,,1
3009,1,용오름\n데미지 증가\n데미지 +60%,1.6,,,,,
3009,2,용오름\n쿨타임 감소\n데미지 +25%\n쿨타임 -20%,1.25,,0.2,,,
3009,3,용오름\n투사체 증가\n데미지 -20%\n투사체 +1,0.8,,,1,,
3009,4,용오름\n공격 횟수 증가\n데미지 -30%\n공격 횟수 +1,0.7,,,,1,
3009,5,용오름\n스킬 피해 범위 증가\n데미지 +20%\n피해 범위 +10%,1.2,0.1,,,,
300901,1,용오름+1\n데미지 증가\n데미지 +60%,1.6,,,,,
300901,2,용오름+1\n쿨타임 감소\n데미지 +25%\n쿨타임 -20%,1.25,,0.2,,,
300901,3,용오름+1\n투사체 증가\n데미지 -20%\n투사체 +1,0.8,,,1,,
300901,4,용오름+1\n공격 횟수 증가\n데미지 -30%\n공격 횟수 +1,0.7,,,,1,
300901,5,용오름+1\n스킬 피해 범위 증가\n데미지 +20%\n피해 범위 +10%,1.2,0.1,,,,
300902,1,용오름+2\n데미지 증가\n데미지 +60%,1.6,,,,,
300902,2,용오름+2\n쿨타임 감소\n데미지 +25%\n쿨타임 -20%,1.25,,0.2,,,
300902,3,용오름+2\n투사체 증가\n데미지 -20%\n투사체 +1,0.8,,,1,,
300902,4,용오름+2\n공격 횟수 증가\n데미지 -30%\n공격 횟수 +1,0.7,,,,1,
300902,5,용오름+2\n스킬 피해 범위 증가\n데미지 +20%\n피해 범위 +10%,1.2,0.1,,,,
300903,1,용오름+3\n데미지 증가\n데미지 +60%,1.6,,,,,
300903,2,용오름+3\n쿨타임 감소\n데미지 +25%\n쿨타임 -20%,1.25,,0.2,,,
300903,3,용오름+3\n투사체 증가\n데미지 -20%\n투사체 +1,0.8,,,1,,
300903,4,용오름+3\n공격 횟수 증가\n데미지 -30%\n공격 횟수 +1,0.7,,,,1,
300903,5,용오름+3\n스킬 피해 범위 증가\n데미지 +20%\n피해 범위 +10%,1.2,0.1,,,,
300904,1,용오름+4\n데미지 증가\n데미지 +60%,1.6,,,,,
300904,2,용오름+4\n쿨타임 감소\n데미지 +25%\n쿨타임 -20%,1.25,,0.2,,,
300904,3,용오름+4\n투사체 증가\n데미지 -20%\n투사체 +1,0.8,,,1,,
300904,4,용오름+4\n공격 횟수 증가\n데미지 -30%\n공격 횟수 +1,0.7,,,,1,
300904,5,용오름+4\n스킬 피해 범위 증가\n데미지 +20%\n피해 범위 +10%,1.2,0.1,,,,
300905,1,용오름+5\n데미지 증가\n데미지 +60%,1.6,,,,,
300905,2,용오름+5\n쿨타임 감소\n데미지 +25%\n쿨타임 -20%,1.25,,0.2,,,
300905,3,용오름+5\n투사체 증가\n데미지 -20%\n투사체 +1,0.8,,,1,,
300905,4,용오름+5\n공격 횟수 증가\n데미지 -30%\n공격 횟수 +1,0.7,,,,1,
300905,5,용오름+5\n스킬 피해 범위 증가\n데미지 +20%\n피해 범위 +10%,1.2,0.1,,,,
300906,1,용오름+6\n데미지 증가\n데미지 +60%,1.6,,,,,
300906,2,용오름+6\n쿨타임 감소\n데미지 +25%\n쿨타임 -20%,1.25,,0.2,,,
300906,3,용오름+6\n투사체 증가\n데미지 -20%\n투사체 +1,0.8,,,1,,
300906,4,용오름+6\n공격 횟수 증가\n데미지 -30%\n공격 횟수 +1,0.7,,,,1,
300906,5,용오름+6\n스킬 피해 범위 증가\n데미지 +20%\n피해 범위 +10%,1.2,0.1,,,,
300907,1,용오름+7\n데미지 증가\n데미지 +60%,1.6,,,,,
300907,2,용오름+7\n쿨타임 감소\n데미지 +25%\n쿨타임 -20%,1.25,,0.2,,,
300907,3,용오름+7\n투사체 증가\n데미지 -20%\n투사체 +1,0.8,,,1,,
300907,4,용오름+7\n공격 횟수 증가\n데미지 -30%\n공격 횟수 +1,0.7,,,,1,
300907,5,용오름+7\n스킬 피해 범위 증가\n데미지 +20%\n피해 범위 +10%,1.2,0.1,,,,
300908,1,용오름+8\n데미지 증가\n데미지 +60%,1.6,,,,,
300908,2,용오름+8\n쿨타임 감소\n데미지 +25%\n쿨타임 -20%,1.25,,0.2,,,
300908,3,용오름+8\n투사체 증가\n데미지 -20%\n투사체 +1,0.8,,,1,,
300908,4,용오름+8\n공격 횟수 증가\n데미지 -30%\n공격 횟수 +1,0.7,,,,1,
300908,5,용오름+8\n스킬 피해 범위 증가\n데미지 +20%\n피해 범위 +10%,1.2,0.1,,,,
300909,1,용오름+9\n데미지 증가\n데미지 +60%,1.6,,,,,
300909,2,용오름+9\n쿨타임 감소\n데미지 +25%\n쿨타임 -20%,1.25,,0.2,,,
300909,3,용오름+9\n투사체 증가\n데미지 -20%\n투사체 +1,0.8,,,1,,
300909,4,용오름+9\n공격 횟수 증가\n데미지 -30%\n공격 횟수 +1,0.7,,,,1,
300909,5,용오름+9\n스킬 피해 범위 증가\n데미지 +20%\n피해 범위 +10%,1.2,0.1,,,,
300910,1,용오름+10\n데미지 증가\n데미지 +60%,1.6,,,,,
300910,2,용오름+10\n쿨타임 감소\n데미지 +25%\n쿨타임 -20%,1.25,,0.2,,,
300910,3,용오름+10\n투사체 증가\n데미지 -20%\n투사체 +1,0.8,,,1,,
300910,4,용오름+10\n공격 횟수 증가\n데미지 -30%\n공격 횟수 +1,0.7,,,,1,
300910,5,용오름+10\n스킬 피해 범위 증가\n데미지 +20%\n피해 범위 +10%,1.2,0.1,,,,
300911,1,용오름+11\n데미지 증가\n데미지 +60%,1.6,,,,,
300911,2,용오름+11\n쿨타임 감소\n데미지 +25%\n쿨타임 -20%,1.25,,0.2,,,
300911,3,용오름+11\n투사체 증가\n데미지 -20%\n투사체 +1,0.8,,,1,,
300911,4,용오름+11\n공격 횟수 증가\n데미지 -30%\n공격 횟수 +1,0.7,,,,1,
300911,5,용오름+11\n스킬 피해 범위 증가\n데미지 +20%\n피해 범위 +10%,1.2,0.1,,,,
300912,1,용오름+12\n데미지 증가\n데미지 +60%,1.6,,,,,
300912,2,용오름+12\n쿨타임 감소\n데미지 +25%\n쿨타임 -20%,1.25,,0.2,,,
300912,3,용오름+12\n투사체 증가\n데미지 -20%\n투사체 +1,0.8,,,1,,
300912,4,용오름+12\n공격 횟수 증가\n데미지 -30%\n공격 횟수 +1,0.7,,,,1,
300912,5,용오름+12\n스킬 피해 범위 증가\n데미지 +20%\n피해 범위 +10%,1.2,0.1,,,,
300913,1,용오름+13\n데미지 증가\n데미지 +60%,1.6,,,,,
300913,2,용오름+13\n쿨타임 감소\n데미지 +25%\n쿨타임 -20%,1.25,,0.2,,,
300913,3,용오름+13\n투사체 증가\n데미지 -20%\n투사체 +1,0.8,,,1,,
300913,4,용오름+13\n공격 횟수 증가\n데미지 -30%\n공격 횟수 +1,0.7,,,,1,
300913,5,용오름+13\n스킬 피해 범위 증가\n데미지 +20%\n피해 범위 +10%,1.2,0.1,,,,
300914,1,용오름+14\n데미지 증가\n데미지 +60%,1.6,,,,,
300914,2,용오름+14\n쿨타임 감소\n데미지 +25%\n쿨타임 -20%,1.25,,0.2,,,
300914,3,용오름+14\n투사체 증가\n데미지 -20%\n투사체 +1,0.8,,,1,,
300914,4,용오름+14\n공격 횟수 증가\n데미지 -30%\n공격 횟수 +1,0.7,,,,1,
300914,5,용오름+14\n스킬 피해 범위 증가\n데미지 +20%\n피해 범위 +10%,1.2,0.1,,,,
300915,1,용오름+15\n데미지 증가\n데미지 +60%,1.6,,,,,
300915,2,용오름+15\n쿨타임 감소\n데미지 +25%\n쿨타임 -20%,1.25,,0.2,,,
300915,3,용오름+15\n투사체 증가\n데미지 -20%\n투사체 +1,0.8,,,1,,
300915,4,용오름+15\n공격 횟수 증가\n데미지 -30%\n공격 횟수 +1,0.7,,,,1,
300915,5,용오름+15\n스킬 피해 범위 증가\n데미지 +20%\n피해 범위 +10%,1.2,0.1,,,,
300916,1,용오름+16\n데미지 증가\n데미지 +60%,1.6,,,,,
300916,2,용오름+16\n쿨타임 감소\n데미지 +25%\n쿨타임 -20%,1.25,,0.2,,,
300916,3,용오름+16\n투사체 증가\n데미지 -20%\n투사체 +1,0.8,,,1,,
300916,4,용오름+16\n공격 횟수 증가\n데미지 -30%\n공격 횟수 +1,0.7,,,,1,
300916,5,용오름+16\n스킬 피해 범위 증가\n데미지 +20%\n피해 범위 +10%,1.2,0.1,,,,
300917,1,용오름+17\n데미지 증가\n데미지 +60%,1.6,,,,,
300917,2,용오름+17\n쿨타임 감소\n데미지 +25%\n쿨타임 -20%,1.25,,0.2,,,
300917,3,용오름+17\n투사체 증가\n데미지 -20%\n투사체 +1,0.8,,,1,,
300917,4,용오름+17\n공격 횟수 증가\n데미지 -30%\n공격 횟수 +1,0.7,,,,1,
300917,5,용오름+17\n스킬 피해 범위 증가\n데미지 +20%\n피해 범위 +10%,1.2,0.1,,,,
300918,1,용오름+18\n데미지 증가\n데미지 +60%,1.6,,,,,
300918,2,용오름+18\n쿨타임 감소\n데미지 +25%\n쿨타임 -20%,1.25,,0.2,,,
300918,3,용오름+18\n투사체 증가\n데미지 -20%\n투사체 +1,0.8,,,1,,
300918,4,용오름+18\n공격 횟수 증가\n데미지 -30%\n공격 횟수 +1,0.7,,,,1,
300918,5,용오름+18\n스킬 피해 범위 증가\n데미지 +20%\n피해 범위 +10%,1.2,0.1,,,,
300919,1,용오름+19\n데미지 증가\n데미지 +60%,1.6,,,,,
300919,2,용오름+19\n쿨타임 감소\n데미지 +25%\n쿨타임 -20%,1.25,,0.2,,,
300919,3,용오름+19\n투사체 증가\n데미지 -20%\n투사체 +1,0.8,,,1,,
300919,4,용오름+19\n공격 횟수 증가\n데미지 -30%\n공격 횟수 +1,0.7,,,,1,
300919,5,용오름+19\n스킬 피해 범위 증가\n데미지 +20%\n피해 범위 +10%,1.2,0.1,,,,
300920,1,용오름+20\n데미지 증가\n데미지 +60%,1.6,,,,,
300920,2,용오름+20\n쿨타임 감소\n데미지 +25%\n쿨타임 -20%,1.25,,0.2,,,
300920,3,용오름+20\n투사체 증가\n데미지 -20%\n투사체 +1,0.8,,,1,,
300920,4,용오름+20\n공격 횟수 증가\n데미지 -30%\n공격 횟수 +1,0.7,,,,1,
300920,5,용오름+20\n스킬 피해 범위 증가\n데미지 +20%\n피해 범위 +10%,1.2,0.1,,,,
3010,1,아이스메이든\n데미지 증가\n데미지 +60%,1.6,,,,,
3010,2,아이스메이든\n쿨타임 감소\n데미지 +25%\n쿨타임 -20%,1.25,,0.2,,,
3010,3,아이스메이든\n투사체 증가\n데미지 -20%\n투사체 +1,0.8,,,1,,
3010,4,아이스메이든\n공격 횟수 증가\n데미지 -30%\n공격 횟수 +1,0.7,,,,1,
3010,5,아이스메이든\n스킬 피해 범위 증가\n데미지 +20%\n피해 범위 +10%,1.2,0.1,,,,
301001,1,아이스메이든+1\n데미지 증가\n데미지 +60%,1.6,,,,,
301001,2,아이스메이든+1\n쿨타임 감소\n데미지 +25%\n쿨타임 -20%,1.25,,0.2,,,
301001,3,아이스메이든+1\n투사체 증가\n데미지 -20%\n투사체 +1,0.8,,,1,,
301001,4,아이스메이든+1\n공격 횟수 증가\n데미지 -30%\n공격 횟수 +1,0.7,,,,1,
301001,5,아이스메이든+1\n스킬 피해 범위 증가\n데미지 +20%\n피해 범위 +10%,1.2,0.1,,,,
301002,1,아이스메이든+2\n데미지 증가\n데미지 +60%,1.6,,,,,
301002,2,아이스메이든+2\n쿨타임 감소\n데미지 +25%\n쿨타임 -20%,1.25,,0.2,,,
301002,3,아이스메이든+2\n투사체 증가\n데미지 -20%\n투사체 +1,0.8,,,1,,
301002,4,아이스메이든+2\n공격 횟수 증가\n데미지 -30%\n공격 횟수 +1,0.7,,,,1,
301002,5,아이스메이든+2\n스킬 피해 범위 증가\n데미지 +20%\n피해 범위 +10%,1.2,0.1,,,,
301003,1,아이스메이든+3\n데미지 증가\n데미지 +60%,1.6,,,,,
301003,2,아이스메이든+3\n쿨타임 감소\n데미지 +25%\n쿨타임 -20%,1.25,,0.2,,,
301003,3,아이스메이든+3\n투사체 증가\n데미지 -20%\n투사체 +1,0.8,,,1,,
301003,4,아이스메이든+3\n공격 횟수 증가\n데미지 -30%\n공격 횟수 +1,0.7,,,,1,
301003,5,아이스메이든+3\n스킬 피해 범위 증가\n데미지 +20%\n피해 범위 +10%,1.2,0.1,,,,
301004,1,아이스메이든+4\n데미지 증가\n데미지 +60%,1.6,,,,,
301004,2,아이스메이든+4\n쿨타임 감소\n데미지 +25%\n쿨타임 -20%,1.25,,0.2,,,
301004,3,아이스메이든+4\n투사체 증가\n데미지 -20%\n투사체 +1,0.8,,,1,,
301004,4,아이스메이든+4\n공격 횟수 증가\n데미지 -30%\n공격 횟수 +1,0.7,,,,1,
301004,5,아이스메이든+4\n스킬 피해 범위 증가\n데미지 +20%\n피해 범위 +10%,1.2,0.1,,,,
301005,1,아이스메이든+5\n데미지 증가\n데미지 +60%,1.6,,,,,
301005,2,아이스메이든+5\n쿨타임 감소\n데미지 +25%\n쿨타임 -20%,1.25,,0.2,,,
301005,3,아이스메이든+5\n투사체 증가\n데미지 -20%\n투사체 +1,0.8,,,1,,
301005,4,아이스메이든+5\n공격 횟수 증가\n데미지 -30%\n공격 횟수 +1,0.7,,,,1,
301005,5,아이스메이든+5\n스킬 피해 범위 증가\n데미지 +20%\n피해 범위 +10%,1.2,0.1,,,,
301006,1,아이스메이든+6\n데미지 증가\n데미지 +60%,1.6,,,,,
301006,2,아이스메이든+6\n쿨타임 감소\n데미지 +25%\n쿨타임 -20%,1.25,,0.2,,,
301006,3,아이스메이든+6\n투사체 증가\n데미지 -20%\n투사체 +1,0.8,,,1,,
301006,4,아이스메이든+6\n공격 횟수 증가\n데미지 -30%\n공격 횟수 +1,0.7,,,,1,
301006,5,아이스메이든+6\n스킬 피해 범위 증가\n데미지 +20%\n피해 범위 +10%,1.2,0.1,,,,
301007,1,아이스메이든+7\n데미지 증가\n데미지 +60%,1.6,,,,,
301007,2,아이스메이든+7\n쿨타임 감소\n데미지 +25%\n쿨타임 -20%,1.25,,0.2,,,
301007,3,아이스메이든+7\n투사체 증가\n데미지 -20%\n투사체 +1,0.8,,,1,,
301007,4,아이스메이든+7\n공격 횟수 증가\n데미지 -30%\n공격 횟수 +1,0.7,,,,1,
301007,5,아이스메이든+7\n스킬 피해 범위 증가\n데미지 +20%\n피해 범위 +10%,1.2,0.1,,,,
301008,1,아이스메이든+8\n데미지 증가\n데미지 +60%,1.6,,,,,
301008,2,아이스메이든+8\n쿨타임 감소\n데미지 +25%\n쿨타임 -20%,1.25,,0.2,,,
301008,3,아이스메이든+8\n투사체 증가\n데미지 -20%\n투사체 +1,0.8,,,1,,
301008,4,아이스메이든+8\n공격 횟수 증가\n데미지 -30%\n공격 횟수 +1,0.7,,,,1,
301008,5,아이스메이든+8\n스킬 피해 범위 증가\n데미지 +20%\n피해 범위 +10%,1.2,0.1,,,,
301009,1,아이스메이든+9\n데미지 증가\n데미지 +60%,1.6,,,,,
301009,2,아이스메이든+9\n쿨타임 감소\n데미지 +25%\n쿨타임 -20%,1.25,,0.2,,,
301009,3,아이스메이든+9\n투사체 증가\n데미지 -20%\n투사체 +1,0.8,,,1,,
301009,4,아이스메이든+9\n공격 횟수 증가\n데미지 -30%\n공격 횟수 +1,0.7,,,,1,
301009,5,아이스메이든+9\n스킬 피해 범위 증가\n데미지 +20%\n피해 범위 +10%,1.2,0.1,,,,
301010,1,아이스메이든+10\n데미지 증가\n데미지 +60%,1.6,,,,,
301010,2,아이스메이든+10\n쿨타임 감소\n데미지 +25%\n쿨타임 -20%,1.25,,0.2,,,
301010,3,아이스메이든+10\n투사체 증가\n데미지 -20%\n투사체 +1,0.8,,,1,,
301010,4,아이스메이든+10\n공격 횟수 증가\n데미지 -30%\n공격 횟수 +1,0.7,,,,1,
301010,5,아이스메이든+10\n스킬 피해 범위 증가\n데미지 +20%\n피해 범위 +10%,1.2,0.1,,,,
301011,1,아이스메이든+11\n데미지 증가\n데미지 +60%,1.6,,,,,
301011,2,아이스메이든+11\n쿨타임 감소\n데미지 +25%\n쿨타임 -20%,1.25,,0.2,,,
301011,3,아이스메이든+11\n투사체 증가\n데미지 -20%\n투사체 +1,0.8,,,1,,
301011,4,아이스메이든+11\n공격 횟수 증가\n데미지 -30%\n공격 횟수 +1,0.7,,,,1,
301011,5,아이스메이든+11\n스킬 피해 범위 증가\n데미지 +20%\n피해 범위 +10%,1.2,0.1,,,,
301012,1,아이스메이든+12\n데미지 증가\n데미지 +60%,1.6,,,,,
301012,2,아이스메이든+12\n쿨타임 감소\n데미지 +25%\n쿨타임 -20%,1.25,,0.2,,,
301012,3,아이스메이든+12\n투사체 증가\n데미지 -20%\n투사체 +1,0.8,,,1,,
301012,4,아이스메이든+12\n공격 횟수 증가\n데미지 -30%\n공격 횟수 +1,0.7,,,,1,
301012,5,아이스메이든+12\n스킬 피해 범위 증가\n데미지 +20%\n피해 범위 +10%,1.2,0.1,,,,
301013,1,아이스메이든+13\n데미지 증가\n데미지 +60%,1.6,,,,,
301013,2,아이스메이든+13\n쿨타임 감소\n데미지 +25%\n쿨타임 -20%,1.25,,0.2,,,
301013,3,아이스메이든+13\n투사체 증가\n데미지 -20%\n투사체 +1,0.8,,,1,,
301013,4,아이스메이든+13\n공격 횟수 증가\n데미지 -30%\n공격 횟수 +1,0.7,,,,1,
301013,5,아이스메이든+13\n스킬 피해 범위 증가\n데미지 +20%\n피해 범위 +10%,1.2,0.1,,,,
301014,1,아이스메이든+14\n데미지 증가\n데미지 +60%,1.6,,,,,
301014,2,아이스메이든+14\n쿨타임 감소\n데미지 +25%\n쿨타임 -20%,1.25,,0.2,,,
301014,3,아이스메이든+14\n투사체 증가\n데미지 -20%\n투사체 +1,0.8,,,1,,
301014,4,아이스메이든+14\n공격 횟수 증가\n데미지 -30%\n공격 횟수 +1,0.7,,,,1,
301014,5,아이스메이든+14\n스킬 피해 범위 증가\n데미지 +20%\n피해 범위 +10%,1.2,0.1,,,,
301015,1,아이스메이든+15\n데미지 증가\n데미지 +60%,1.6,,,,,
301015,2,아이스메이든+15\n쿨타임 감소\n데미지 +25%\n쿨타임 -20%,1.25,,0.2,,,
301015,3,아이스메이든+15\n투사체 증가\n데미지 -20%\n투사체 +1,0.8,,,1,,
301015,4,아이스메이든+15\n공격 횟수 증가\n데미지 -30%\n공격 횟수 +1,0.7,,,,1,
301015,5,아이스메이든+15\n스킬 피해 범위 증가\n데미지 +20%\n피해 범위 +10%,1.2,0.1,,,,
301016,1,아이스메이든+16\n데미지 증가\n데미지 +60%,1.6,,,,,
301016,2,아이스메이든+16\n쿨타임 감소\n데미지 +25%\n쿨타임 -20%,1.25,,0.2,,,
301016,3,아이스메이든+16\n투사체 증가\n데미지 -20%\n투사체 +1,0.8,,,1,,
301016,4,아이스메이든+16\n공격 횟수 증가\n데미지 -30%\n공격 횟수 +1,0.7,,,,1,
301016,5,아이스메이든+16\n스킬 피해 범위 증가\n데미지 +20%\n피해 범위 +10%,1.2,0.1,,,,
301017,1,아이스메이든+17\n데미지 증가\n데미지 +60%,1.6,,,,,
301017,2,아이스메이든+17\n쿨타임 감소\n데미지 +25%\n쿨타임 -20%,1.25,,0.2,,,
301017,3,아이스메이든+17\n투사체 증가\n데미지 -20%\n투사체 +1,0.8,,,1,,
301017,4,아이스메이든+17\n공격 횟수 증가\n데미지 -30%\n공격 횟수 +1,0.7,,,,1,
301017,5,아이스메이든+17\n스킬 피해 범위 증가\n데미지 +20%\n피해 범위 +10%,1.2,0.1,,,,
301018,1,아이스메이든+18\n데미지 증가\n데미지 +60%,1.6,,,,,
301018,2,아이스메이든+18\n쿨타임 감소\n데미지 +25%\n쿨타임 -20%,1.25,,0.2,,,
301018,3,아이스메이든+18\n투사체 증가\n데미지 -20%\n투사체 +1,0.8,,,1,,
301018,4,아이스메이든+18\n공격 횟수 증가\n데미지 -30%\n공격 횟수 +1,0.7,,,,1,
301018,5,아이스메이든+18\n스킬 피해 범위 증가\n데미지 +20%\n피해 범위 +10%,1.2,0.1,,,,
301019,1,아이스메이든+19\n데미지 증가\n데미지 +60%,1.6,,,,,
301019,2,아이스메이든+19\n쿨타임 감소\n데미지 +25%\n쿨타임 -20%,1.25,,0.2,,,
301019,3,아이스메이든+19\n투사체 증가\n데미지 -20%\n투사체 +1,0.8,,,1,,
301019,4,아이스메이든+19\n공격 횟수 증가\n데미지 -30%\n공격 횟수 +1,0.7,,,,1,
301019,5,아이스메이든+19\n스킬 피해 범위 증가\n데미지 +20%\n피해 범위 +10%,1.2,0.1,,,,
301020,1,아이스메이든+20\n데미지 증가\n데미지 +60%,1.6,,,,,
301020,2,아이스메이든+20\n쿨타임 감소\n데미지 +25%\n쿨타임 -20%,1.25,,0.2,,,
301020,3,아이스메이든+20\n투사체 증가\n데미지 -20%\n투사체 +1,0.8,,,1,,
301020,4,아이스메이든+20\n공격 횟수 증가\n데미지 -30%\n공격 횟수 +1,0.7,,,,1,
301020,5,아이스메이든+20\n스킬 피해 범위 증가\n데미지 +20%\n피해 범위 +10%,1.2,0.1,,,,
3011,1,폭풍\n데미지 증가\n데미지 +60%,1.6,,,,,
3011,2,폭풍\n쿨타임 감소\n데미지 +25%\n쿨타임 -20%,1.25,,0.2,,,
3011,3,폭풍\n투사체 증가\n데미지 -20%\n투사체 +1,0.8,,,1,,
3011,4,폭풍\n공격 횟수 증가\n데미지 -30%\n공격 횟수 +1,0.7,,,,1,
3011,5,폭풍\n스킬 피해 범위 증가\n데미지 +20%\n피해 범위 +10%,1.2,0.1,,,,
301101,1,폭풍+1\n데미지 증가\n데미지 +60%,1.6,,,,,
301101,2,폭풍+1\n쿨타임 감소\n데미지 +25%\n쿨타임 -20%,1.25,,0.2,,,
301101,3,폭풍+1\n투사체 증가\n데미지 -20%\n투사체 +1,0.8,,,1,,
301101,4,폭풍+1\n공격 횟수 증가\n데미지 -30%\n공격 횟수 +1,0.7,,,,1,
301101,5,폭풍+1\n스킬 피해 범위 증가\n데미지 +20%\n피해 범위 +10%,1.2,0.1,,,,
301102,1,폭풍+2\n데미지 증가\n데미지 +60%,1.6,,,,,
301102,2,폭풍+2\n쿨타임 감소\n데미지 +25%\n쿨타임 -20%,1.25,,0.2,,,
301102,3,폭풍+2\n투사체 증가\n데미지 -20%\n투사체 +1,0.8,,,1,,
301102,4,폭풍+2\n공격 횟수 증가\n데미지 -30%\n공격 횟수 +1,0.7,,,,1,
301102,5,폭풍+2\n스킬 피해 범위 증가\n데미지 +20%\n피해 범위 +10%,1.2,0.1,,,,
301103,1,폭풍+3\n데미지 증가\n데미지 +60%,1.6,,,,,
301103,2,폭풍+3\n쿨타임 감소\n데미지 +25%\n쿨타임 -20%,1.25,,0.2,,,
301103,3,폭풍+3\n투사체 증가\n데미지 -20%\n투사체 +1,0.8,,,1,,
301103,4,폭풍+3\n공격 횟수 증가\n데미지 -30%\n공격 횟수 +1,0.7,,,,1,
301103,5,폭풍+3\n스킬 피해 범위 증가\n데미지 +20%\n피해 범위 +10%,1.2,0.1,,,,
301104,1,폭풍+4\n데미지 증가\n데미지 +60%,1.6,,,,,
301104,2,폭풍+4\n쿨타임 감소\n데미지 +25%\n쿨타임 -20%,1.25,,0.2,,,
301104,3,폭풍+4\n투사체 증가\n데미지 -20%\n투사체 +1,0.8,,,1,,
301104,4,폭풍+4\n공격 횟수 증가\n데미지 -30%\n공격 횟수 +1,0.7,,,,1,
301104,5,폭풍+4\n스킬 피해 범위 증가\n데미지 +20%\n피해 범위 +10%,1.2,0.1,,,,
301105,1,폭풍+5\n데미지 증가\n데미지 +60%,1.6,,,,,
301105,2,폭풍+5\n쿨타임 감소\n데미지 +25%\n쿨타임 -20%,1.25,,0.2,,,
301105,3,폭풍+5\n투사체 증가\n데미지 -20%\n투사체 +1,0.8,,,1,,
301105,4,폭풍+5\n공격 횟수 증가\n데미지 -30%\n공격 횟수 +1,0.7,,,,1,
301105,5,폭풍+5\n스킬 피해 범위 증가\n데미지 +20%\n피해 범위 +10%,1.2,0.1,,,,
301106,1,폭풍+6\n데미지 증가\n데미지 +60%,1.6,,,,,
301106,2,폭풍+6\n쿨타임 감소\n데미지 +25%\n쿨타임 -20%,1.25,,0.2,,,
301106,3,폭풍+6\n투사체 증가\n데미지 -20%\n투사체 +1,0.8,,,1,,
301106,4,폭풍+6\n공격 횟수 증가\n데미지 -30%\n공격 횟수 +1,0.7,,,,1,
301106,5,폭풍+6\n스킬 피해 범위 증가\n데미지 +20%\n피해 범위 +10%,1.2,0.1,,,,
301107,1,폭풍+7\n데미지 증가\n데미지 +60%,1.6,,,,,
301107,2,폭풍+7\n쿨타임 감소\n데미지 +25%\n쿨타임 -20%,1.25,,0.2,,,
301107,3,폭풍+7\n투사체 증가\n데미지 -20%\n투사체 +1,0.8,,,1,,
301107,4,폭풍+7\n공격 횟수 증가\n데미지 -30%\n공격 횟수 +1,0.7,,,,1,
301107,5,폭풍+7\n스킬 피해 범위 증가\n데미지 +20%\n피해 범위 +10%,1.2,0.1,,,,
301108,1,폭풍+8\n데미지 증가\n데미지 +60%,1.6,,,,,
301108,2,폭풍+8\n쿨타임 감소\n데미지 +25%\n쿨타임 -20%,1.25,,0.2,,,
301108,3,폭풍+8\n투사체 증가\n데미지 -20%\n투사체 +1,0.8,,,1,,
301108,4,폭풍+8\n공격 횟수 증가\n데미지 -30%\n공격 횟수 +1,0.7,,,,1,
301108,5,폭풍+8\n스킬 피해 범위 증가\n데미지 +20%\n피해 범위 +10%,1.2,0.1,,,,
301109,1,폭풍+9\n데미지 증가\n데미지 +60%,1.6,,,,,
301109,2,폭풍+9\n쿨타임 감소\n데미지 +25%\n쿨타임 -20%,1.25,,0.2,,,
301109,3,폭풍+9\n투사체 증가\n데미지 -20%\n투사체 +1,0.8,,,1,,
301109,4,폭풍+9\n공격 횟수 증가\n데미지 -30%\n공격 횟수 +1,0.7,,,,1,
301109,5,폭풍+9\n스킬 피해 범위 증가\n데미지 +20%\n피해 범위 +10%,1.2,0.1,,,,
301110,1,폭풍+10\n데미지 증가\n데미지 +60%,1.6,,,,,
301110,2,폭풍+10\n쿨타임 감소\n데미지 +25%\n쿨타임 -20%,1.25,,0.2,,,
301110,3,폭풍+10\n투사체 증가\n데미지 -20%\n투사체 +1,0.8,,,1,,
301110,4,폭풍+10\n공격 횟수 증가\n데미지 -30%\n공격 횟수 +1,0.7,,,,1,
301110,5,폭풍+10\n스킬 피해 범위 증가\n데미지 +20%\n피해 범위 +10%,1.2,0.1,,,,
301111,1,폭풍+11\n데미지 증가\n데미지 +60%,1.6,,,,,
301111,2,폭풍+11\n쿨타임 감소\n데미지 +25%\n쿨타임 -20%,1.25,,0.2,,,
301111,3,폭풍+11\n투사체 증가\n데미지 -20%\n투사체 +1,0.8,,,1,,
301111,4,폭풍+11\n공격 횟수 증가\n데미지 -30%\n공격 횟수 +1,0.7,,,,1,
301111,5,폭풍+11\n스킬 피해 범위 증가\n데미지 +20%\n피해 범위 +10%,1.2,0.1,,,,
301112,1,폭풍+12\n데미지 증가\n데미지 +60%,1.6,,,,,
301112,2,폭풍+12\n쿨타임 감소\n데미지 +25%\n쿨타임 -20%,1.25,,0.2,,,
301112,3,폭풍+12\n투사체 증가\n데미지 -20%\n투사체 +1,0.8,,,1,,
301112,4,폭풍+12\n공격 횟수 증가\n데미지 -30%\n공격 횟수 +1,0.7,,,,1,
301112,5,폭풍+12\n스킬 피해 범위 증가\n데미지 +20%\n피해 범위 +10%,1.2,0.1,,,,
301113,1,폭풍+13\n데미지 증가\n데미지 +60%,1.6,,,,,
301113,2,폭풍+13\n쿨타임 감소\n데미지 +25%\n쿨타임 -20%,1.25,,0.2,,,
301113,3,폭풍+13\n투사체 증가\n데미지 -20%\n투사체 +1,0.8,,,1,,
301113,4,폭풍+13\n공격 횟수 증가\n데미지 -30%\n공격 횟수 +1,0.7,,,,1,
301113,5,폭풍+13\n스킬 피해 범위 증가\n데미지 +20%\n피해 범위 +10%,1.2,0.1,,,,
301114,1,폭풍+14\n데미지 증가\n데미지 +60%,1.6,,,,,
301114,2,폭풍+14\n쿨타임 감소\n데미지 +25%\n쿨타임 -20%,1.25,,0.2,,,
301114,3,폭풍+14\n투사체 증가\n데미지 -20%\n투사체 +1,0.8,,,1,,
301114,4,폭풍+14\n공격 횟수 증가\n데미지 -30%\n공격 횟수 +1,0.7,,,,1,
301114,5,폭풍+14\n스킬 피해 범위 증가\n데미지 +20%\n피해 범위 +10%,1.2,0.1,,,,
301115,1,폭풍+15\n데미지 증가\n데미지 +60%,1.6,,,,,
301115,2,폭풍+15\n쿨타임 감소\n데미지 +25%\n쿨타임 -20%,1.25,,0.2,,,
301115,3,폭풍+15\n투사체 증가\n데미지 -20%\n투사체 +1,0.8,,,1,,
301115,4,폭풍+15\n공격 횟수 증가\n데미지 -30%\n공격 횟수 +1,0.7,,,,1,
301115,5,폭풍+15\n스킬 피해 범위 증가\n데미지 +20%\n피해 범위 +10%,1.2,0.1,,,,
301116,1,폭풍+16\n데미지 증가\n데미지 +60%,1.6,,,,,
301116,2,폭풍+16\n쿨타임 감소\n데미지 +25%\n쿨타임 -20%,1.25,,0.2,,,
301116,3,폭풍+16\n투사체 증가\n데미지 -20%\n투사체 +1,0.8,,,1,,
301116,4,폭풍+16\n공격 횟수 증가\n데미지 -30%\n공격 횟수 +1,0.7,,,,1,
301116,5,폭풍+16\n스킬 피해 범위 증가\n데미지 +20%\n피해 범위 +10%,1.2,0.1,,,,
301117,1,폭풍+17\n데미지 증가\n데미지 +60%,1.6,,,,,
301117,2,폭풍+17\n쿨타임 감소\n데미지 +25%\n쿨타임 -20%,1.25,,0.2,,,
301117,3,폭풍+17\n투사체 증가\n데미지 -20%\n투사체 +1,0.8,,,1,,
301117,4,폭풍+17\n공격 횟수 증가\n데미지 -30%\n공격 횟수 +1,0.7,,,,1,
301117,5,폭풍+17\n스킬 피해 범위 증가\n데미지 +20%\n피해 범위 +10%,1.2,0.1,,,,
301118,1,폭풍+18\n데미지 증가\n데미지 +60%,1.6,,,,,
301118,2,폭풍+18\n쿨타임 감소\n데미지 +25%\n쿨타임 -20%,1.25,,0.2,,,
301118,3,폭풍+18\n투사체 증가\n데미지 -20%\n투사체 +1,0.8,,,1,,
301118,4,폭풍+18\n공격 횟수 증가\n데미지 -30%\n공격 횟수 +1,0.7,,,,1,
301118,5,폭풍+18\n스킬 피해 범위 증가\n데미지 +20%\n피해 범위 +10%,1.2,0.1,,,,
301119,1,폭풍+19\n데미지 증가\n데미지 +60%,1.6,,,,,
301119,2,폭풍+19\n쿨타임 감소\n데미지 +25%\n쿨타임 -20%,1.25,,0.2,,,
301119,3,폭풍+19\n투사체 증가\n데미지 -20%\n투사체 +1,0.8,,,1,,
301119,4,폭풍+19\n공격 횟수 증가\n데미지 -30%\n공격 횟수 +1,0.7,,,,1,
301119,5,폭풍+19\n스킬 피해 범위 증가\n데미지 +20%\n피해 범위 +10%,1.2,0.1,,,,
301120,1,폭풍+20\n데미지 증가\n데미지 +60%,1.6,,,,,
301120,2,폭풍+20\n쿨타임 감소\n데미지 +25%\n쿨타임 -20%,1.25,,0.2,,,
301120,3,폭풍+20\n투사체 증가\n데미지 -20%\n투사체 +1,0.8,,,1,,
301120,4,폭풍+20\n공격 횟수 증가\n데미지 -30%\n공격 횟수 +1,0.7,,,,1,
301120,5,폭풍+20\n스킬 피해 범위 증가\n데미지 +20%\n피해 범위 +10%,1.2,0.1,,,,
3012,1,바람수리검\n데미지 증가\n데미지 +60%,1.6,,,,,
3012,2,바람수리검\n쿨타임 감소\n데미지 +25%\n쿨타임 -20%,1.25,,0.2,,,
3012,3,바람수리검\n투사체 증가\n데미지 -20%\n투사체 +1,0.8,,,1,,
3012,4,바람수리검\n공격 횟수 증가\n데미지 -30%\n공격 횟수 +1,0.7,,,,1,
3012,5,바람수리검\n관통력 증가\n데미지 +25%\n관통력 +1,1.25,,,,,1
301201,1,바람수리검+1\n데미지 증가\n데미지 +60%,1.6,,,,,
301201,2,바람수리검+1\n쿨타임 감소\n데미지 +25%\n쿨타임 -20%,1.25,,0.2,,,
301201,3,바람수리검+1\n투사체 증가\n데미지 -20%\n투사체 +1,0.8,,,1,,
301201,4,바람수리검+1\n공격 횟수 증가\n데미지 -30%\n공격 횟수 +1,0.7,,,,1,
301201,5,바람수리검+1\n관통력 증가\n데미지 +25%\n관통력 +1,1.25,,,,,1
301202,1,바람수리검+2\n데미지 증가\n데미지 +60%,1.6,,,,,
301202,2,바람수리검+2\n쿨타임 감소\n데미지 +25%\n쿨타임 -20%,1.25,,0.2,,,
301202,3,바람수리검+2\n투사체 증가\n데미지 -20%\n투사체 +1,0.8,,,1,,
301202,4,바람수리검+2\n공격 횟수 증가\n데미지 -30%\n공격 횟수 +1,0.7,,,,1,
301202,5,바람수리검+2\n관통력 증가\n데미지 +25%\n관통력 +1,1.25,,,,,1
301203,1,바람수리검+3\n데미지 증가\n데미지 +60%,1.6,,,,,
301203,2,바람수리검+3\n쿨타임 감소\n데미지 +25%\n쿨타임 -20%,1.25,,0.2,,,
301203,3,바람수리검+3\n투사체 증가\n데미지 -20%\n투사체 +1,0.8,,,1,,
301203,4,바람수리검+3\n공격 횟수 증가\n데미지 -30%\n공격 횟수 +1,0.7,,,,1,
301203,5,바람수리검+3\n관통력 증가\n데미지 +25%\n관통력 +1,1.25,,,,,1
301204,1,바람수리검+4\n데미지 증가\n데미지 +60%,1.6,,,,,
301204,2,바람수리검+4\n쿨타임 감소\n데미지 +25%\n쿨타임 -20%,1.25,,0.2,,,
301204,3,바람수리검+4\n투사체 증가\n데미지 -20%\n투사체 +1,0.8,,,1,,
301204,4,바람수리검+4\n공격 횟수 증가\n데미지 -30%\n공격 횟수 +1,0.7,,,,1,
301204,5,바람수리검+4\n관통력 증가\n데미지 +25%\n관통력 +1,1.25,,,,,1
301205,1,바람수리검+5\n데미지 증가\n데미지 +60%,1.6,,,,,
301205,2,바람수리검+5\n쿨타임 감소\n데미지 +25%\n쿨타임 -20%,1.25,,0.2,,,
301205,3,바람수리검+5\n투사체 증가\n데미지 -20%\n투사체 +1,0.8,,,1,,
301205,4,바람수리검+5\n공격 횟수 증가\n데미지 -30%\n공격 횟수 +1,0.7,,,,1,
301205,5,바람수리검+5\n관통력 증가\n데미지 +25%\n관통력 +1,1.25,,,,,1
301206,1,바람수리검+6\n데미지 증가\n데미지 +60%,1.6,,,,,
301206,2,바람수리검+6\n쿨타임 감소\n데미지 +25%\n쿨타임 -20%,1.25,,0.2,,,
301206,3,바람수리검+6\n투사체 증가\n데미지 -20%\n투사체 +1,0.8,,,1,,
301206,4,바람수리검+6\n공격 횟수 증가\n데미지 -30%\n공격 횟수 +1,0.7,,,,1,
301206,5,바람수리검+6\n관통력 증가\n데미지 +25%\n관통력 +1,1.25,,,,,1
301207,1,바람수리검+7\n데미지 증가\n데미지 +60%,1.6,,,,,
301207,2,바람수리검+7\n쿨타임 감소\n데미지 +25%\n쿨타임 -20%,1.25,,0.2,,,
301207,3,바람수리검+7\n투사체 증가\n데미지 -20%\n투사체 +1,0.8,,,1,,
301207,4,바람수리검+7\n공격 횟수 증가\n데미지 -30%\n공격 횟수 +1,0.7,,,,1,
301207,5,바람수리검+7\n관통력 증가\n데미지 +25%\n관통력 +1,1.25,,,,,1
301208,1,바람수리검+8\n데미지 증가\n데미지 +60%,1.6,,,,,
301208,2,바람수리검+8\n쿨타임 감소\n데미지 +25%\n쿨타임 -20%,1.25,,0.2,,,
301208,3,바람수리검+8\n투사체 증가\n데미지 -20%\n투사체 +1,0.8,,,1,,
301208,4,바람수리검+8\n공격 횟수 증가\n데미지 -30%\n공격 횟수 +1,0.7,,,,1,
301208,5,바람수리검+8\n관통력 증가\n데미지 +25%\n관통력 +1,1.25,,,,,1
301209,1,바람수리검+9\n데미지 증가\n데미지 +60%,1.6,,,,,
301209,2,바람수리검+9\n쿨타임 감소\n데미지 +25%\n쿨타임 -20%,1.25,,0.2,,,
301209,3,바람수리검+9\n투사체 증가\n데미지 -20%\n투사체 +1,0.8,,,1,,
301209,4,바람수리검+9\n공격 횟수 증가\n데미지 -30%\n공격 횟수 +1,0.7,,,,1,
301209,5,바람수리검+9\n관통력 증가\n데미지 +25%\n관통력 +1,1.25,,,,,1
301210,1,바람수리검+10\n데미지 증가\n데미지 +60%,1.6,,,,,
301210,2,바람수리검+10\n쿨타임 감소\n데미지 +25%\n쿨타임 -20%,1.25,,0.2,,,
301210,3,바람수리검+10\n투사체 증가\n데미지 -20%\n투사체 +1,0.8,,,1,,
301210,4,바람수리검+10\n공격 횟수 증가\n데미지 -30%\n공격 횟수 +1,0.7,,,,1,
301210,5,바람수리검+10\n관통력 증가\n데미지 +25%\n관통력 +1,1.25,,,,,1
301211,1,바람수리검+11\n데미지 증가\n데미지 +60%,1.6,,,,,
301211,2,바람수리검+11\n쿨타임 감소\n데미지 +25%\n쿨타임 -20%,1.25,,0.2,,,
301211,3,바람수리검+11\n투사체 증가\n데미지 -20%\n투사체 +1,0.8,,,1,,
301211,4,바람수리검+11\n공격 횟수 증가\n데미지 -30%\n공격 횟수 +1,0.7,,,,1,
301211,5,바람수리검+11\n관통력 증가\n데미지 +25%\n관통력 +1,1.25,,,,,1
301212,1,바람수리검+12\n데미지 증가\n데미지 +60%,1.6,,,,,
301212,2,바람수리검+12\n쿨타임 감소\n데미지 +25%\n쿨타임 -20%,1.25,,0.2,,,
301212,3,바람수리검+12\n투사체 증가\n데미지 -20%\n투사체 +1,0.8,,,1,,
301212,4,바람수리검+12\n공격 횟수 증가\n데미지 -30%\n공격 횟수 +1,0.7,,,,1,
301212,5,바람수리검+12\n관통력 증가\n데미지 +25%\n관통력 +1,1.25,,,,,1
301213,1,바람수리검+13\n데미지 증가\n데미지 +60%,1.6,,,,,
301213,2,바람수리검+13\n쿨타임 감소\n데미지 +25%\n쿨타임 -20%,1.25,,0.2,,,
301213,3,바람수리검+13\n투사체 증가\n데미지 -20%\n투사체 +1,0.8,,,1,,
301213,4,바람수리검+13\n공격 횟수 증가\n데미지 -30%\n공격 횟수 +1,0.7,,,,1,
301213,5,바람수리검+13\n관통력 증가\n데미지 +25%\n관통력 +1,1.25,,,,,1
301214,1,바람수리검+14\n데미지 증가\n데미지 +60%,1.6,,,,,
301214,2,바람수리검+14\n쿨타임 감소\n데미지 +25%\n쿨타임 -20%,1.25,,0.2,,,
301214,3,바람수리검+14\n투사체 증가\n데미지 -20%\n투사체 +1,0.8,,,1,,
301214,4,바람수리검+14\n공격 횟수 증가\n데미지 -30%\n공격 횟수 +1,0.7,,,,1,
301214,5,바람수리검+14\n관통력 증가\n데미지 +25%\n관통력 +1,1.25,,,,,1
301215,1,바람수리검+15\n데미지 증가\n데미지 +60%,1.6,,,,,
301215,2,바람수리검+15\n쿨타임 감소\n데미지 +25%\n쿨타임 -20%,1.25,,0.2,,,
301215,3,바람수리검+15\n투사체 증가\n데미지 -20%\n투사체 +1,0.8,,,1,,
301215,4,바람수리검+15\n공격 횟수 증가\n데미지 -30%\n공격 횟수 +1,0.7,,,,1,
301215,5,바람수리검+15\n관통력 증가\n데미지 +25%\n관통력 +1,1.25,,,,,1
301216,1,바람수리검+16\n데미지 증가\n데미지 +60%,1.6,,,,,
301216,2,바람수리검+16\n쿨타임 감소\n데미지 +25%\n쿨타임 -20%,1.25,,0.2,,,
301216,3,바람수리검+16\n투사체 증가\n데미지 -20%\n투사체 +1,0.8,,,1,,
301216,4,바람수리검+16\n공격 횟수 증가\n데미지 -30%\n공격 횟수 +1,0.7,,,,1,
301216,5,바람수리검+16\n관통력 증가\n데미지 +25%\n관통력 +1,1.25,,,,,1
301217,1,바람수리검+17\n데미지 증가\n데미지 +60%,1.6,,,,,
301217,2,바람수리검+17\n쿨타임 감소\n데미지 +25%\n쿨타임 -20%,1.25,,0.2,,,
301217,3,바람수리검+17\n투사체 증가\n데미지 -20%\n투사체 +1,0.8,,,1,,
301217,4,바람수리검+17\n공격 횟수 증가\n데미지 -30%\n공격 횟수 +1,0.7,,,,1,
301217,5,바람수리검+17\n관통력 증가\n데미지 +25%\n관통력 +1,1.25,,,,,1
301218,1,바람수리검+18\n데미지 증가\n데미지 +60%,1.6,,,,,
301218,2,바람수리검+18\n쿨타임 감소\n데미지 +25%\n쿨타임 -20%,1.25,,0.2,,,
301218,3,바람수리검+18\n투사체 증가\n데미지 -20%\n투사체 +1,0.8,,,1,,
301218,4,바람수리검+18\n공격 횟수 증가\n데미지 -30%\n공격 횟수 +1,0.7,,,,1,
301218,5,바람수리검+18\n관통력 증가\n데미지 +25%\n관통력 +1,1.25,,,,,1
301219,1,바람수리검+19\n데미지 증가\n데미지 +60%,1.6,,,,,
301219,2,바람수리검+19\n쿨타임 감소\n데미지 +25%\n쿨타임 -20%,1.25,,0.2,,,
301219,3,바람수리검+19\n투사체 증가\n데미지 -20%\n투사체 +1,0.8,,,1,,
301219,4,바람수리검+19\n공격 횟수 증가\n데미지 -30%\n공격 횟수 +1,0.7,,,,1,
301219,5,바람수리검+19\n관통력 증가\n데미지 +25%\n관통력 +1,1.25,,,,,1
301220,1,바람수리검+20\n데미지 증가\n데미지 +60%,1.6,,,,,
301220,2,바람수리검+20\n쿨타임 감소\n데미지 +25%\n쿨타임 -20%,1.25,,0.2,,,
301220,3,바람수리검+20\n투사체 증가\n데미지 -20%\n투사체 +1,0.8,,,1,,
301220,4,바람수리검+20\n공격 횟수 증가\n데미지 -30%\n공격 횟수 +1,0.7,,,,1,
301220,5,바람수리검+20\n관통력 증가\n데미지 +25%\n관통력 +1,1.25,,,,,1
